"Uid","Time(UTC)","Order No","Symbol","Type","Side","Position Side","Price","Average Price","Amount","Executed Amount","Executed Quote Amount","Stop Price","Status","Client Order Id","Time In Force","Activate Price","Price Rate","Working Type","Price Protect","Update Time"
"1105200956","2025-08-08 14:16:23","27565303640","UNIUSDT","LIMIT","SELL","LONG","10.67000000",,"400.00000000","0E-8","0E-8","0E-8","CANCELED","ios_coin_XQsTQTvp84PgWDEWH9DV","GTC","0E-8","0E-8","Contract Price","false","2025-08-08 14:19:44"
"1105200956","2025-08-09 07:36:30","27576673138","UNIUSDT","LIMIT","SELL","LONG","11.17100000","11.17100000","400.00000000","400.00000000","4468.40000000","0E-8","FILLED","ios_coin_uaGDlrO5SWNq8hfsrULQ","GTC","0E-8","0E-8","Contract Price","false","2025-08-09 07:36:44"
"1105200956","2025-08-09 08:31:05","43138476326","CRVUSDT","LIMIT","BUY","LONG","0.99100000","0.99100000","2000.00000000","2000.00000000","1982.00000000","0E-8","FILLED","ios_coin_tnKqtSDP5r1Z2PuI2TOu","GTC","0E-8","0E-8","Contract Price","false","2025-08-09 08:31:05"
"1105200956","2025-08-10 04:05:43","19738354522","WIFUSDT","LIMIT","BUY","LONG","1.02380000","1.02360000","1000.00000000","1000.00000000","1023.60000000","0E-8","FILLED","ios_coin_z27VVAMMncp9KYGVbKxA","GTC","0E-8","0E-8","Contract Price","false","2025-08-10 04:05:43"
"1105200956","2025-08-12 15:36:54","12468815591","1000BONKUSDT","LIMIT","BUY","LONG","0.02525800","0.02525800","100000.00000000","100000.00000000","2525.80000000","0E-8","FILLED","ios_coin_zj6CmVcDWaAUWEutiiEa","GTC","0E-8","0E-8","Contract Price","false","2025-08-12 15:36:54"
"1105200956","2025-08-12 15:37:25","12468835298","1000BONKUSDT","LIMIT","BUY","LONG","0.02523700","0.02523700","28888.00000000","28888.00000000","729.04645600","0E-8","FILLED","ios_coin_oAaTn5PCOLtPb8BvMGOK","GTC","0E-8","0E-8","Contract Price","false","2025-08-12 15:38:10"
"1105200956","2025-08-13 00:40:47","5323937376","PENGUUSDT","LIMIT","BUY","LONG","0.03729900","0.03727132","50000.00000000","50000.00000000","1863.56605000","0E-8","FILLED","ios_coin_wXh0bUfxZjvf4Ryw7NFj","GTC","0E-8","0E-8","Contract Price","false","2025-08-13 00:40:47"
"1105200956","2025-08-14 03:54:05","5367138180","PENGUUSDT","LIMIT","SELL","LONG","0.03820700",,"50000.00000000","0E-8","0E-8","0E-8","CANCELED","ios_coin_M9GMoBaigtVKMy79A1uP","GTC","0E-8","0E-8","Contract Price","false","2025-08-14 03:54:17"
"1105200956","2025-08-18 14:46:58","754228403347","BTCUSDT","LIMIT","BUY","SHORT","103418.00000000",,"0.40000000","0E-8","0E-8","0E-8","NEW","ios_coin_4LiuSxZI0ro4bIoT6uyf","GTC","0E-8","0E-8","Contract Price","false","2025-08-18 14:46:58"
"1105200956","2025-08-19 09:27:14","5271303968","1000PEPEUSDC","LIMIT","BUY","LONG","0.01058400","0.01058400","300000.00000000","300000.00000000","3175.20000000","0E-8","FILLED","ios_coin_DcO8PkYsQoHVQ8MS18T2","GTC","0E-8","0E-8","Contract Price","false","2025-08-19 09:27:16"
"1105200956","2025-08-22 08:34:46","2603995766","BBUSDT","LIMIT","SELL","LONG","0.19000000",,"20000.00000000","0E-8","0E-8","0E-8","CANCELED","ios_coin_RDMW12Gd3ABDzN1c6Rxs","GTC","0E-8","0E-8","Contract Price","false","2025-08-22 14:43:54"
"1105200956","2025-08-22 08:34:50","2603996343","BBUSDT","LIMIT","SELL","LONG","0.19500000",,"20000.00000000","0E-8","0E-8","0E-8","NEW","ios_coin_wYpBPJHjvHxDiLgw9m2U","GTC","0E-8","0E-8","Contract Price","false","2025-08-22 08:34:50"
"1105200956","2025-08-22 08:34:55","2603996742","BBUSDT","LIMIT","SELL","LONG","0.20000000",,"20000.00000000","0E-8","0E-8","0E-8","NEW","ios_coin_qv8jbU7pj749DxSXQOpl","GTC","0E-8","0E-8","Contract Price","false","2025-08-22 08:34:55"
"1105200956","2025-08-22 14:44:11","2607571938","BBUSDT","LIMIT","SELL","LONG","0.19800000",,"20000.00000000","0E-8","0E-8","0E-8","CANCELED","ios_coin_afjmV96b8JCQqiY7NU5J","GTC","0E-8","0E-8","Contract Price","false","2025-08-22 15:12:29"
"1105200956","2025-08-23 08:07:18","5637691640","PENGUUSDT","LIMIT","SELL","LONG","0.04000000",,"50000.00000000","0E-8","0E-8","0E-8","NEW","ios_coin_vporudixWZYs3XTJcvQb","GTC","0E-8","0E-8","Contract Price","false","2025-08-23 08:07:18"
"1105200956","2025-08-23 15:34:26","12722722245","1000BONKUSDT","LIMIT","BUY","LONG","0.02276300","0.02276200","128888.00000000","128888.00000000","2933.74865600","0E-8","FILLED","ios_coin_b4wEsTu7eb5zcNSyRdwY","GTC","0E-8","0E-8","Contract Price","false","2025-08-23 15:34:26"
"1105200956","2025-08-25 02:24:17","12751181185","1000BONKUSDT","LIMIT","BUY","LONG","0.02250000","0.02249766","42224.00000000","42224.00000000","949.94132400","0E-8","FILLED","ios_coin_wAJxWXtvmqZQRJHoBAQn","GTC","0E-8","0E-8","Contract Price","false","2025-08-25 02:24:17"
"1105200956","2025-09-09 01:38:00","313857424","EPTUSDT","LIMIT","BUY","LONG","0.00518800","0.00518800","500000.00000000","500000.00000000","2594.00000000","0E-8","FILLED","ios_coin_jE1GXuR1nT2HuDU8Jjsk","GTC","0E-8","0E-8","Contract Price","false","2025-09-09 01:47:45"
"1105200956","2025-09-09 05:05:07","8389765954523339582","ETHUSDT","LIMIT","BUY","LONG","4310.42000000","4309.53000000","1.00000000","1.00000000","4309.53000000","0E-8","FILLED","ios_coin_OqkaWEaEDUvo6mKeZDA1","GTC","0E-8","0E-8","Contract Price","false","2025-09-09 05:05:07"
"1105200956","2025-09-09 07:02:42","13679","SKYUSDT","LIMIT","BUY","LONG","0.06900000","0.06900000","50000.00000000","50000.00000000","3450.00000000","0E-8","FILLED","web_coin_lk67k0nplfc9yq18wrqir9u","GTC","0E-8","0E-8","Contract Price","false","2025-09-09 23:21:27"
"1105200956","2025-09-09 07:09:01","314401946","EPTUSDT","LIMIT","BUY","LONG","0.00474300","0.00474289","350000.00000000","350000.00000000","1660.01274000","0E-8","FILLED","ios_coin_0TE1vvErWhgJQ08SQily","GTC","0E-8","0E-8","Contract Price","false","2025-09-09 07:09:01"
"1105200956","2025-09-09 07:09:22","314402270","EPTUSDT","LIMIT","BUY","LONG","0.00474000","0.00474000","150000.00000000","150000.00000000","711.00000000","0E-8","FILLED","ios_coin_r0vn2hVz78LjHWT8RwdO","GTC","0E-8","0E-8","Contract Price","false","2025-09-09 07:11:46"
"1105200956","2025-09-09 07:16:30","314406896","EPTUSDT","LIMIT","SELL","LONG","0.00499900","0.00499900","500000.00000000","500000.00000000","2499.50000000","0E-8","FILLED","ios_coin_Yz28yVFmJtuAJMQ9zaKW","GTC","0E-8","0E-8","Contract Price","false","2025-09-09 12:12:23"
"1105200956","2025-09-09 07:39:19","8389765954589108145","ETHUSDT","LIMIT","SELL","LONG","4362.00000000","4362.00000000","1.00000000","1.00000000","4362.00000000","0E-8","FILLED","ios_coin_68irnTRChCzwM8g5p3LL","GTC","0E-8","0E-8","Contract Price","false","2025-09-09 08:00:05"
"1105200956","2025-09-09 08:16:17","24716728529","ETHUSDC","LIMIT","BUY","LONG","4325.00000000","4325.00000000","1.00000000","1.00000000","4325.00000000","0E-8","FILLED","ios_coin_iwOP8z8dcj5d0aqqDrTX","GTC","0E-8","0E-8","Contract Price","false","2025-09-09 13:19:16"
"1105200956","2025-09-09 23:44:34","5779550","SKYUSDT","LIMIT","BUY","LONG","0.06300000",,"50000.00000000","0E-8","0E-8","0E-8","NEW","ios_coin_Q28LpzamTJMZmTZKYf9o","GTC","0E-8","0E-8","Contract Price","false","2025-09-09 23:44:34"
"1105200956","2025-09-09 23:44:42","5780454","SKYUSDT","LIMIT","BUY","LONG","0.06400000",,"50000.00000000","0E-8","0E-8","0E-8","NEW","ios_coin_3sKUkNY92nSgT0RnalfR","GTC","0E-8","0E-8","Contract Price","false","2025-09-09 23:44:42"
"1105200956","2025-09-09 23:44:49","5780707","SKYUSDT","LIMIT","BUY","LONG","0.06500000",,"50000.00000000","0E-8","0E-8","0E-8","NEW","ios_coin_LLq1Dkzl3ybOjRDtsZ2q","GTC","0E-8","0E-8","Contract Price","false","2025-09-09 23:44:49"
"1105200956","2025-09-09 23:55:14","4171809718","DOGEUSDC","LIMIT","BUY","LONG","0.24080000","0.24080000","10000.00000000","10000.00000000","2408.00000000","0E-8","FILLED","ios_coin_mB4ere1q6tCWuJHjeCxF","GTC","0E-8","0E-8","Contract Price","false","2025-09-09 23:55:15"
"1105200956","2025-09-10 05:46:48","24864827700","ETHUSDC","LIMIT","SELL","LONG","4380.00000000","4380.00000000","1.00000000","1.00000000","4380.00000000","0E-8","FILLED","ios_coin_l1LqjhpsHLqE0P0FEe6Z","GTC","0E-8","0E-8","Contract Price","false","2025-09-10 12:31:03"
"1105200956","2025-09-11 01:17:25","1496647705","ENAUSDC","LIMIT","BUY","LONG","0.78880000","0.78850000","1500.00000000","1500.00000000","1182.75000000","0E-8","FILLED","ios_coin_fpV1H2QTtIyJ118GaVbF","GTC","0E-8","0E-8","Contract Price","false","2025-09-11 01:17:25"
"1105200956","2025-09-11 03:42:33","4182051588","DOGEUSDC","LIMIT","SELL","LONG","0.25127000","0.25127000","5000.00000000","5000.00000000","1256.35000000","0E-8","FILLED","ios_coin_9ZtaXt826md1L3a0vnUN","GTC","0E-8","0E-8","Contract Price","false","2025-09-11 03:42:36"
"1105200956","2025-09-11 03:42:56","4182057461","DOGEUSDC","MARKET","SELL","LONG","0E-8","0.24278000","5000.00000000","5000.00000000","1213.90000000","0.24400000","FILLED","ios_K3IZblHC1R5roeODN3eA","GTE_GTC","0E-8","0E-8","markPrice","true","2025-09-11 12:31:03"
"1105200956","2025-09-11 04:45:03","317459404","EPTUSDT","LIMIT","SELL","LONG","0.00590000","0.00590000","125000.00000000","125000.00000000","737.50000000","0E-8","FILLED","ios_coin_iicbLPZK8h6tbqcvbJKL","GTC","0E-8","0E-8","Contract Price","false","2025-09-11 04:46:36"
"1105200956","2025-09-11 04:48:41","317468114","EPTUSDT","STOP_MARKET","SELL","LONG","0E-8",,"375000.00000000","0E-8","0E-8","0.00510000","CANCELED","ios_JVuOhUNJINsyffV3XZAZ","GTE_GTC","0E-8","0E-8","markPrice","true","2025-09-12 01:09:05"
"1105200956","2025-09-11 05:33:32","4182850327","DOGEUSDC","LIMIT","SELL","LONG","0.25066000",,"5000.00000000","0E-8","0E-8","0E-8","CANCELED","ios_coin_SzWLmIwHtv8Ntc1Afx2B","GTC","0E-8","0E-8","Contract Price","false","2025-09-11 05:54:18"
"1105200956","2025-09-12 00:57:40","5485884476","1000PEPEUSDC","LIMIT","SELL","LONG","0.01075270","0.01075270","300000.00000000","300000.00000000","3225.81000000","0E-8","FILLED","ios_coin_u5ZJ1Jg4Cj3Lqwax220h","GTC","0E-8","0E-8","Contract Price","false","2025-09-12 01:01:22"
"1105200956","2025-09-12 07:17:32","13072108883","1000BONKUSDT","LIMIT","SELL","LONG","0.02542000","0.02542000","300000.00000000","300000.00000000","7626.00000000","0E-8","FILLED","ios_coin_2EQsR0geLtZGmCY5P9J9","GTC","0E-8","0E-8","Contract Price","false","2025-09-12 07:17:34"
"1105200956","2025-09-12 07:18:00","6046975045","PENGUUSDT","LIMIT","SELL","LONG","0.03737300","0.03738750","50000.00000000","50000.00000000","1869.37522300","0E-8","FILLED","ios_coin_hmwtSlWUSqwcL9rG24il","GTC","0E-8","0E-8","Contract Price","false","2025-09-12 07:18:00"
"1105200956","2025-09-12 14:53:27","323907190","EPTUSDT","LIMIT","SELL","LONG","0.00622700","0.00622700","93750.00000000","93750.00000000","583.78125000","0E-8","FILLED","ios_coin_4PMgjINJozjoEiynTRwt","GTC","0E-8","0E-8","Contract Price","false","2025-09-12 14:55:32"
"1105200956","2025-09-13 01:38:18","2894718745","WIFUSDC","LIMIT","BUY","LONG","0.96800000","0.96800000","1000.00000000","1000.00000000","968.00000000","0E-8","FILLED","ios_coin_wMz7s06KUWY45GKds3GL","GTC","0E-8","0E-8","Contract Price","false","2025-09-13 01:38:29"
"1105200956","2025-09-13 01:38:39","20505841278","WIFUSDT","LIMIT","SELL","LONG","1.07000000",,"1000.00000000","0E-8","0E-8","0E-8","NEW","ios_coin_ufD7coi4p2wyvQTpA7FU","GTC","0E-8","0E-8","Contract Price","false","2025-09-13 01:38:39"
"1105200956","2025-09-18 03:12:34","1521728660","ENAUSDC","LIMIT","BUY","LONG","0.70890000","0.70890000","1500.00000000","1500.00000000","1063.35000000","0E-8","FILLED","ios_coin_EAjFoE6NEZ11zGS8vk6m","GTC","0E-8","0E-8","Contract Price","false","2025-09-18 03:12:35"
"1105200956","2025-09-18 03:17:32","2773793759","BBUSDT","LIMIT","SELL","LONG","0.19880000","0.19880000","20000.00000000","20000.00000000","3976.00000000","0E-8","FILLED","ios_coin_oyOPPYbKrPhk1uuHvvck","GTC","0E-8","0E-8","Contract Price","false","2025-09-18 15:17:56"
"1105200956","2025-09-18 03:22:02","2773861135","BBUSDT","LIMIT","SELL","LONG","0.22200000",,"20000.00000000","0E-8","0E-8","0E-8","CANCELED","ios_coin_ZdFXi5yi6ZyCYpfGfjLE","GTC","0E-8","0E-8","Contract Price","false","2025-09-19 15:14:54"
"1105200956","2025-09-18 14:13:05","1523033927","ENAUSDC","LIMIT","BUY","LONG","0.69980000","0.69980000","1000.00000000","1000.00000000","699.80000000","0E-8","FILLED","ios_coin_Ex12pjWykA0PM9hZSaLd","GTC","0E-8","0E-8","Contract Price","false","2025-09-18 14:14:56"
"1105200956","2025-09-19 05:53:11","333978121","EPTUSDT","LIMIT","SELL","LONG","0.00630000",,"70312.00000000","0E-8","0E-8","0E-8","NEW","ios_coin_FHjmZ5TDRZlOFt21KANp","GTC","0E-8","0E-8","Contract Price","false","2025-09-19 05:53:11"
"1105200956","2025-09-19 05:53:16","333978161","EPTUSDT","LIMIT","SELL","LONG","0.00650000",,"70312.00000000","0E-8","0E-8","0E-8","NEW","ios_coin_umPJE7RPc4mp09BMSP4i","GTC","0E-8","0E-8","Contract Price","false","2025-09-19 05:53:16"
"1105200956","2025-09-19 15:08:55","2785635847","BBUSDT","LIMIT","SELL","LONG","0.19804000","0.19816233","10000.00000000","10000.00000000","1981.62329000","0E-8","FILLED","ios_coin_u7NqJ943oBPZtfNC8dHC","GTC","0E-8","0E-8","Contract Price","false","2025-09-19 15:08:55"
"1105200956","2025-09-19 15:10:59","2785656320","BBUSDT","LIMIT","SELL","LONG","0.19850000","0.19850000","10000.00000000","10000.00000000","1985.00000000","0E-8","FILLED","ios_coin_XVvSBigSEHWvtbf6uXJI","GTC","0E-8","0E-8","Contract Price","false","2025-09-19 15:12:24"
"1105200956","2025-09-19 15:15:01","2785706261","BBUSDT","LIMIT","SELL","LONG","0.22200000",,"5000.00000000","0E-8","0E-8","0E-8","EXPIRED","ios_coin_6PxSWQ3KWo7Ul6ejTRNs","GTC","0E-8","0E-8","Contract Price","false","2025-09-20 02:08:13"
"1105200956","2025-09-19 15:15:05","2785707576","BBUSDT","LIMIT","SELL","LONG","0.22300000",,"5000.00000000","0E-8","0E-8","0E-8","EXPIRED","ios_coin_SXYkYyAX58VFgxNdoNgM","GTC","0E-8","0E-8","Contract Price","false","2025-09-20 02:08:13"
"1105200956","2025-09-19 15:15:20","2785709975","BBUSDT","LIMIT","SELL","LONG","0.22500000",,"5000.00000000","0E-8","0E-8","0E-8","EXPIRED","ios_coin_S3UdggMTwFgAGQnRd9te","GTC","0E-8","0E-8","Contract Price","false","2025-09-20 02:08:13"
"1105200956","2025-09-20 01:27:16","5568155617","1000PEPEUSDC","LIMIT","BUY","LONG","0.01079000","0.01079000","300000.00000000","300000.00000000","3237.00000000","0E-8","FILLED","ios_coin_Xu1Bg2R6RZBLcUnd3S0C","GTC","0E-8","0E-8","Contract Price","false","2025-09-20 01:31:53"
"1105200956","2025-09-20 01:27:54","5568157037","1000PEPEUSDC","LIMIT","BUY","LONG","0.01050000",,"300000.00000000","0E-8","0E-8","0E-8","CANCELED","ios_coin_9W6hGlQepQE071xB31sf","GTC","0E-8","0E-8","Contract Price","false","2025-09-20 02:07:10"
"1105200956","2025-09-20 02:07:32","5568286785","1000PEPEUSDC","LIMIT","BUY","LONG","0.01050000",,"300000.00000000","0E-8","0E-8","0E-8","CANCELED","ios_coin_HZW9gllWF5HAGM9xcOBZ","GTC","0E-8","0E-8","Contract Price","false","2025-09-20 11:28:00"
"1105200956","2025-09-20 02:07:40","5568287002","1000PEPEUSDC","LIMIT","BUY","LONG","0.01000000","0.01000000","500000.00000000","500000.00000000","5000.00000000","0E-8","FILLED","ios_coin_QPOO73qJy14Ki5Dt2lop","GTC","0E-8","0E-8","Contract Price","false","2025-09-22 02:32:24"
"1105200956","2025-09-20 02:07:47","5568287639","1000PEPEUSDC","LIMIT","BUY","LONG","0.00990000","0.00990000","500000.00000000","500000.00000000","4950.00000000","0E-8","FILLED","ios_coin_qr6lZiFqtbysIXAcYN75","GTC","0E-8","0E-8","Contract Price","false","2025-09-22 05:59:57"
"1105200956","2025-09-20 02:08:13","2790264292","BBUSDT","LIMIT","SELL","LONG","0.19780000",,"20000.00000000","0E-8","0E-8","0E-8","EXPIRED","ios_coin_3nlmERRa3JrYrGhu4lGB","GTC","0E-8","0E-8","Contract Price","false","2025-09-20 02:08:52"
"1105200956","2025-09-20 02:08:52","2790267452","BBUSDT","LIMIT","SELL","LONG","0.19700000",,"20000.00000000","0E-8","0E-8","0E-8","EXPIRED","ios_coin_u4iDrARMraoxkoZY4lDF","GTC","0E-8","0E-8","Contract Price","false","2025-09-20 02:10:14"
"1105200956","2025-09-20 02:10:14","2790274301","BBUSDT","LIMIT","SELL","LONG","0.19650000","0.19650000","20000.00000000","20000.00000000","3930.00000000","0E-8","FILLED","ios_coin_wUndIIIggwYH89CsbjQF","GTC","0E-8","0E-8","Contract Price","false","2025-09-20 02:12:46"
"1105200956","2025-09-20 07:25:23","1527596954","ENAUSDC","LIMIT","BUY","LONG","0.67180000","0.67180000","1000.00000000","1000.00000000","671.80000000","0E-8","FILLED","ios_coin_QPMAQ5PdPXQ1gPJGpzW8","GTC","0E-8","0E-8","Contract Price","false","2025-09-20 07:30:31"
"1105200956","2025-09-21 12:06:36","2400208808","1000BONKUSDC","LIMIT","BUY","LONG","0.02290200","0.02290200","100000.00000000","100000.00000000","2290.20000000","0E-8","FILLED","ios_coin_oW0xNyJP3WGNmPZ1UEIv","GTC","0E-8","0E-8","Contract Price","false","2025-09-21 12:06:36"
"1105200956","2025-09-21 12:08:20","2400211192","1000BONKUSDC","LIMIT","BUY","LONG","0.02288000","0.02288000","50000.00000000","50000.00000000","1144.00000000","0E-8","FILLED","ios_coin_7s05zBFYnpeX7LXCyvyE","GTC","0E-8","0E-8","Contract Price","false","2025-09-21 14:49:19"
"1105200956","2025-09-21 12:08:59","1529869270","ENAUSDC","LIMIT","BUY","LONG","0.65940000","0.65940000","2000.00000000","2000.00000000","1318.80000000","0E-8","FILLED","ios_coin_aEYWo8PdM39reT86m7fm","GTC","0E-8","0E-8","Contract Price","false","2025-09-21 12:10:02"
"1105200956","2025-09-22 13:55:05","56883822","SKYUSDT","LIMIT","SELL","LONG","0.12800000",,"50000.00000000","0E-8","0E-8","0E-8","NEW","ios_coin_f8TXBUzAih3aQeDTVeAJ","GTC","0E-8","0E-8","Contract Price","false","2025-09-22 13:55:05"
"1105200956","2025-09-22 13:55:09","56884060","SKYUSDT","LIMIT","SELL","LONG","0.12900000",,"50000.00000000","0E-8","0E-8","0E-8","NEW","ios_coin_cA4x1acsZb5Oj9PN0Gcr","GTC","0E-8","0E-8","Contract Price","false","2025-09-22 13:55:09"
"1105200956","2025-09-22 13:55:14","56884217","SKYUSDT","LIMIT","SELL","LONG","0.13000000",,"50000.00000000","0E-8","0E-8","0E-8","NEW","ios_coin_rMcJHOQzrKFil43IR0OY","GTC","0E-8","0E-8","Contract Price","false","2025-09-22 13:55:14"
"1105200956","2025-09-22 13:55:22","56884473","SKYUSDT","LIMIT","SELL","LONG","0.13100000",,"50000.00000000","0E-8","0E-8","0E-8","NEW","ios_coin_72X6tj1cj9Ip3GpSawXv","GTC","0E-8","0E-8","Contract Price","false","2025-09-22 13:55:22"
"1105200956","2025-09-25 18:21:51","5605807998","1000PEPEUSDC","LIMIT","BUY","LONG","0.00903500","0.00903500","200000.00000000","200000.00000000","1807.00000000","0E-8","FILLED","ios_coin_jrUNS2ifz1wfYkmdyWpr","GTC","0E-8","0E-8","Contract Price","false","2025-09-25 18:21:55"
"1105200956","2025-09-25 18:26:11","1545007610","ENAUSDC","LIMIT","BUY","LONG","0.56310000","0.56310000","3000.00000000","3000.00000000","1689.30000000","0E-8","FILLED","ios_coin_UTAGowg1zk3UNt5exPNS","GTC","0E-8","0E-8","Contract Price","false","2025-09-25 18:26:18"
"1105200956","2025-09-25 18:28:30","43709309114","CRVUSDT","LIMIT","BUY","LONG","0.64400000",,"2000.00000000","0E-8","0E-8","0E-8","CANCELED","ios_coin_YeucuAM5EwZWqbHyi14W","GTC","0E-8","0E-8","Contract Price","false","2025-09-25 18:28:42"
"1105200956","2025-09-25 18:29:27","43709319533","CRVUSDT","LIMIT","BUY","LONG","0.64400000",,"2000.00000000","0E-8","0E-8","0E-8","CANCELED","ios_coin_prSoo3lC5RHQpEcv2iXG","GTC","0E-8","0E-8","Contract Price","false","2025-09-25 18:32:45"
"1105200956","2025-09-25 18:32:43","43709353216","CRVUSDT","LIMIT","BUY","LONG","0.64700000","0.64700000","2000.00000000","2000.00000000","1294.00000000","0E-8","FILLED","ios_coin_oBdh8KFVJo3lvC5Mr7Pb","GTC","0E-8","0E-8","Contract Price","false","2025-09-25 18:32:50"
"1105200956","2025-09-25 18:33:19","43709359361","CRVUSDT","LIMIT","BUY","LONG","0.64600000","0.64600000","1000.00000000","1000.00000000","646.00000000","0E-8","FILLED","ios_coin_ZEjuKtkEPKLI5ZM7XgOA","GTC","0E-8","0E-8","Contract Price","false","2025-09-25 18:34:28"
"1105200956","2025-09-25 18:35:10","43709377546","CRVUSDT","LIMIT","BUY","LONG","0.64500000",,"1000.00000000","0E-8","0E-8","0E-8","CANCELED","ios_coin_wc7BGqlWWpRRuKvZiq2y","GTC","0E-8","0E-8","Contract Price","false","2025-09-25 18:47:23"
"1105200956","2025-09-26 01:29:06","4355101271","DOGEUSDC","LIMIT","BUY","LONG","0.22700000","0.22700000","10000.00000000","10000.00000000","2270.00000000","0E-8","FILLED","ios_coin_dhO5LPdP5PgQlK93P5jT","GTC","0E-8","0E-8","Contract Price","false","2025-09-26 01:29:11"
"1105200956","2025-09-26 02:15:45","6383212500","ETHFIUSDT","LIMIT","BUY","LONG","1.48980000","1.48974023","800.00000000","800.00000000","1191.79218000","0E-8","FILLED","ios_coin_AOHnTtWNdUOvSEklngdq","GTC","0E-8","0E-8","Contract Price","false","2025-09-26 02:15:46"
"1105200956","2025-09-26 02:16:09","1632016586","ETHFIUSDC","LIMIT","BUY","LONG","1.48950000","1.48950000","800.00000000","800.00000000","1191.60000000","0E-8","FILLED","ios_coin_GOPNHvbNgvr9uUNXIQhd","GTC","0E-8","0E-8","Contract Price","false","2025-09-26 02:23:07"
"1105200956","2025-09-26 02:19:14","1502960736","PUMPUSDT","LIMIT","BUY","LONG","0.00520000","0.00520000","200000.00000000","200000.00000000","1040.00000000","0E-8","FILLED","ios_coin_8Mt3qj40vYU5YPPNc73l","GTC","0E-8","0E-8","Contract Price","false","2025-09-26 02:19:18"
"1105200956","2025-09-27 16:38:46","6404706054","ETHFIUSDT","LIMIT","SELL","LONG","1.57270000","1.57310001","800.00000000","800.00000000","1258.48001000","0E-8","FILLED","ios_coin_7GykD6BEdT0QfRl9k0S9","GTC","0E-8","0E-8","Contract Price","false","2025-09-27 16:38:46"
"1105200956","2025-09-30 14:56:55","783882364","XPLUSDT","LIMIT","BUY","LONG","1.00880000","1.00880000","1000.00000000","1000.00000000","1008.80000000","0E-8","FILLED","ios_coin_JrSVBYQHIwo1VUqeHKRN","GTC","0E-8","0E-8","Contract Price","false","2025-09-30 15:00:08"
"1105200956","2025-09-30 14:57:07","783896747","XPLUSDT","LIMIT","BUY","LONG","1.01200000","1.01200000","1000.00000000","1000.00000000","1012.00000000","0E-8","FILLED","ios_coin_OoG1uL3h9bilFHyOQWjm","GTC","0E-8","0E-8","Contract Price","false","2025-09-30 14:59:55"
"1105200956","2025-09-30 21:17:58","806368186","XPLUSDT","LIMIT","SELL","LONG","1.06020000","1.06020000","1000.00000000","1000.00000000","1060.20000000","0E-8","FILLED","ios_coin_zslRSckQWGSAQPdjqy9u","GTC","0E-8","0E-8","Contract Price","false","2025-09-30 21:19:00"
"1105200956","2025-10-01 02:18:37","2883233882","BBUSDT","LIMIT","BUY","LONG","0.18268000","0.18268000","10000.00000000","10000.00000000","1826.80000000","0E-8","FILLED","ios_coin_e6yW8b9qHyBYgzy7D9Dq","GTC","0E-8","0E-8","Contract Price","false","2025-10-01 02:20:29"
"1105200956","2025-10-01 02:23:47","822223276","XPLUSDT","LIMIT","SELL","LONG","1.06000000","1.06000000","500.00000000","500.00000000","530.00000000","0E-8","FILLED","ios_coin_KWZDDitGaKBjtxyyZG4d","GTC","0E-8","0E-8","Contract Price","false","2025-10-01 02:23:52"
"1105200956","2025-10-01 05:33:42","834730599","XPLUSDT","LIMIT","BUY","LONG","0.90970000",,"500.00000000","0E-8","0E-8","0E-8","CANCELED","ios_coin_jDu3MVajaUfugG90ZwJu","GTC","0E-8","0E-8","Contract Price","false","2025-10-01 05:53:18"
"1105200956","2025-10-01 05:53:28","836000759","XPLUSDT","LIMIT","BUY","LONG","0.91200000","0.91200000","500.00000000","500.00000000","456.00000000","0E-8","FILLED","ios_coin_3wihzB13L3TKQQqIo7om","GTC","0E-8","0E-8","Contract Price","false","2025-10-01 05:58:44"
"1105200956","2025-10-01 06:01:24","1642837903","PUMPUSDT","LIMIT","SELL","LONG","0.00632000","0.00632000","100000.00000000","100000.00000000","632.00000000","0E-8","FILLED","ios_coin_Mb0hUk3K72UDffvGBQaF","GTC","0E-8","0E-8","Contract Price","false","2025-10-01 06:01:31"
"1105200956","2025-10-01 08:43:59","1647638687","ETHFIUSDC","LIMIT","BUY","LONG","1.44600000","1.44600000","800.00000000","800.00000000","1156.80000000","0E-8","FILLED","ios_coin_C1Fbx1qDg3fYtQljumGr","GTC","0E-8","0E-8","Contract Price","false","2025-10-01 08:44:02"
"1105200956","2025-10-01 08:53:25","2436196910","1000BONKUSDC","LIMIT","BUY","LONG","0.01981100",,"50000.00000000","0E-8","0E-8","0E-8","CANCELED","ios_coin_jWQ2TLQK6Ri4A8GpGXwS","GTC","0E-8","0E-8","Contract Price","false","2025-10-01 09:05:23"
"1105200956","2025-10-01 08:55:31","781904357587","BTCUSDT","LIMIT","SELL","SHORT","117000.00000000","117000.00000000","0.10000000","0.10000000","11700.00000000","0E-8","FILLED","ios_coin_7TYV4AsmpEsxfukhJb2W","GTC","0E-8","0E-8","Contract Price","false","2025-10-01 14:02:39"
"1105200956","2025-10-01 09:20:10","27950500634","BTCUSDC","LIMIT","SELL","SHORT","116250.10000000","116259.90000000","0.10000000","0.10000000","11625.99000000","0E-8","FILLED","ios_coin_kGO6PmACkiQ0rDXjCdK0","GTC","0E-8","0E-8","Contract Price","false","2025-10-01 09:20:10"
"1105200956","2025-10-01 09:47:06","851163669","XPLUSDT","LIMIT","SELL","LONG","1.06000000","1.06000000","500.00000000","500.00000000","530.00000000","0E-8","FILLED","ios_coin_7KfTL4CoRKTLitZr2MOF","GTC","0E-8","0E-8","Contract Price","false","2025-10-01 09:49:02"
"1105200956","2025-10-01 09:47:54","1649665968","PUMPUSDT","LIMIT","SELL","LONG","0.00668900","0.00668900","50000.00000000","50000.00000000","334.45000000","0E-8","FILLED","ios_coin_2hgTHUyTDH6NvDrKXxYK","GTC","0E-8","0E-8","Contract Price","false","2025-10-01 09:48:02"
"1105200956","2025-10-01 09:49:48","1649702429","PUMPUSDT","LIMIT","SELL","LONG","0.00668600","0.00668600","50000.00000000","50000.00000000","334.30000000","0E-8","FILLED","ios_coin_8KB10n4tna4ruazUro57","GTC","0E-8","0E-8","Contract Price","false","2025-10-01 09:49:51"
"1105200956","2025-10-01 09:53:48","4334788291","YGGUSDT","LIMIT","BUY","LONG","0.16400000",,"5000.00000000","0E-8","0E-8","0E-8","NEW","ios_coin_bQSrGvRltsuasf9TEoUR","GTC","0E-8","0E-8","Contract Price","false","2025-10-01 09:53:48"
"1105200956","2025-10-01 09:53:56","4334788373","YGGUSDT","LIMIT","BUY","LONG","0.16000000",,"5000.00000000","0E-8","0E-8","0E-8","NEW","ios_coin_rNmHYFMTx6wXrdVtUvGs","GTC","0E-8","0E-8","Contract Price","false","2025-10-01 09:53:56"
"1105200956","2025-10-01 09:54:43","4334789205","YGGUSDT","LIMIT","BUY","LONG","0.16200000",,"5000.00000000","0E-8","0E-8","0E-8","NEW","ios_coin_08a9Og9coR6AoObseUDU","GTC","0E-8","0E-8","Contract Price","false","2025-10-01 09:54:43"
"1105200956","2025-10-01 09:55:10","4334789779","YGGUSDT","LIMIT","BUY","LONG","0.16600000",,"5000.00000000","0E-8","0E-8","0E-8","CANCELED","ios_coin_EG3ptFAVGaTZ0qFSFN0w","GTC","0E-8","0E-8","Contract Price","false","2025-10-01 10:16:41"
"1105200956","2025-10-01 10:00:04","851883229","XPLUSDT","LIMIT","SELL","LONG","1.06230000","1.06230000","500.00000000","500.00000000","531.15000000","0E-8","FILLED","ios_coin_Dl80t5PurabjsTUleoq9","GTC","0E-8","0E-8","Contract Price","false","2025-10-01 10:00:04"
"1105200956","2025-10-01 10:17:03","4334820027","YGGUSDT","LIMIT","BUY","LONG","0.15500000",,"5000.00000000","0E-8","0E-8","0E-8","NEW","ios_coin_xfwdsiE0lhFBRtJL5WPb","GTC","0E-8","0E-8","Contract Price","false","2025-10-01 10:17:03"
"1105200956","2025-10-01 10:17:15","2884912219","BBUSDT","LIMIT","SELL","LONG","0.18874000",,"10000.00000000","0E-8","0E-8","0E-8","EXPIRED","ios_coin_wTEzLMcwEgg7iiQZ51Bd","GTC","0E-8","0E-8","Contract Price","false","2025-10-01 10:17:23"
"1105200956","2025-10-01 10:17:23","2884912630","BBUSDT","LIMIT","SELL","LONG","0.18860000","0.18860000","10000.00000000","4723.00000000","890.75780000","0E-8","EXPIRED","ios_coin_fgyt7eQc850D6qrFvaL7","GTC","0E-8","0E-8","Contract Price","false","2025-10-01 10:17:37"
"1105200956","2025-10-01 10:17:37","2884913307","BBUSDT","LIMIT","SELL","LONG","0.18852000","0.18852000","5277.00000000","5277.00000000","994.82004000","0E-8","FILLED","ios_coin_lT9lRnj0eQQUYfltuzUS","GTC","0E-8","0E-8","Contract Price","false","2025-10-01 10:17:45"
"1105200956","2025-10-01 10:19:06","4396470110","DOGEUSDC","LIMIT","SELL","LONG","0.24263000","0.24263000","10000.00000000","10000.00000000","2426.30000000","0E-8","FILLED","ios_coin_IkWZGcoIeilGuDILd47z","GTC","0E-8","0E-8","Contract Price","false","2025-10-01 10:19:08"
"1105200956","2025-10-01 14:29:56","782113054178","BTCUSDT","LIMIT","BUY","SHORT","106088.00000000",,"0.50000000","0E-8","0E-8","0E-8","NEW","ios_coin_VhfshAeo874sJjM0SUSU","GTC","0E-8","0E-8","Contract Price","false","2025-10-01 14:29:56"
"1105200956","2025-10-02 00:14:14","901151868","XPLUSDT","LIMIT","BUY","LONG","0.91000000","0.91000000","1000.00000000","1000.00000000","910.00000000","0E-8","FILLED","ios_coin_Db6y77iU5mPX4CNCh67o","GTC","0E-8","0E-8","Contract Price","false","2025-10-02 04:18:57"
"1105200956","2025-10-02 00:16:56","2887493581","BBUSDT","LIMIT","BUY","LONG","0.17900000",,"10000.00000000","0E-8","0E-8","0E-8","NEW","ios_coin_l4gyczsRs9hOspXib0z5","GTC","0E-8","0E-8","Contract Price","false","2025-10-02 00:16:56"
"1105200956","2025-10-02 00:17:09","2887494327","BBUSDT","LIMIT","BUY","LONG","0.18000000",,"10000.00000000","0E-8","0E-8","0E-8","CANCELED","ios_coin_fr0UjUGaYXMMYidx8Cww","GTC","0E-8","0E-8","Contract Price","false","2025-10-02 00:55:43"
"1105200956","2025-10-02 01:05:11","28046013171","BTCUSDC","LIMIT","SELL","SHORT","118800.00000000",,"0.10000000","0E-8","0E-8","0E-8","CANCELED","ios_coin_pRWmPNrW21JYsEKjQqQt","GTC","0E-8","0E-8","Contract Price","false","2025-10-02 01:13:44"
"1105200956","2025-10-02 01:05:32","28046077949","BTCUSDC","LIMIT","SELL","SHORT","118563.10000000","118563.10000000","0.10000000","0.10000000","11856.31000000","0E-8","FILLED","ios_coin_uRonLNEfo09IIqrcBrB8","GTC","0E-8","0E-8","Contract Price","false","2025-10-02 01:05:59"
"1105200956","2025-10-02 01:23:56","2950465737","WIFUSDC","LIMIT","BUY","LONG","0.76860000","0.76860000","1000.00000000","1000.00000000","768.60000000","0E-8","FILLED","ios_coin_ga9RZPJccEscUF2nmxbX","GTC","0E-8","0E-8","Contract Price","false","2025-10-02 01:23:59"
"1105200956","2025-10-02 01:24:57","2887668792","BBUSDT","LIMIT","BUY","LONG","0.18264000","0.18264000","5000.00000000","5000.00000000","913.20000000","0E-8","FILLED","ios_coin_2JgESubUBTukUvFOPD2q","GTC","0E-8","0E-8","Contract Price","false","2025-10-02 01:28:03"
"1105200956","2025-10-02 01:27:05","2950470458","WIFUSDC","LIMIT","BUY","LONG","0.77100000","0.77100000","1000.00000000","1000.00000000","771.00000000","0E-8","FILLED","ios_coin_7iLGTFVWfu2EDzPKWvh1","GTC","0E-8","0E-8","Contract Price","false","2025-10-02 01:27:13"
"1105200956","2025-10-02 01:30:44","1649235408","ETHFIUSDC","LIMIT","BUY","LONG","1.44170000","1.44170000","400.00000000","400.00000000","576.68000000","0E-8","FILLED","ios_coin_cMyZNv9zL5ADRq1Gr5k0","GTC","0E-8","0E-8","Contract Price","false","2025-10-02 01:30:56"
"1105200956","2025-10-02 01:39:19","7216304397","LPTUSDT","LIMIT","BUY","LONG","6.48800000",,"1000.00000000","0E-8","0E-8","0E-8","CANCELED","ios_coin_vN6v3htaDf6DxGpGOgt6","GTC","0E-8","0E-8","Contract Price","false","2025-10-02 01:40:02"
"1105200956","2025-10-02 01:39:48","7216304959","LPTUSDT","LIMIT","BUY","LONG","6.30000000",,"1000.00000000","0E-8","0E-8","0E-8","CANCELED","ios_coin_hGwDRakCrhImtcT7nnDn","GTC","0E-8","0E-8","Contract Price","false","2025-10-02 01:40:02"
"1105200956","2025-10-02 01:39:56","7216305191","LPTUSDT","LIMIT","BUY","LONG","6.00800000",,"1000.00000000","0E-8","0E-8","0E-8","CANCELED","ios_coin_042NR60mzBYhnKASeh1j","GTC","0E-8","0E-8","Contract Price","false","2025-10-02 01:40:03"
"1105200956","2025-10-02 01:40:14","7216306005","LPTUSDT","LIMIT","BUY","LONG","6.48800000","6.48800000","100.00000000","100.00000000","648.80000000","0E-8","FILLED","ios_coin_po94Qd77wGh2SIUgtNv5","GTC","0E-8","0E-8","Contract Price","false","2025-10-02 01:40:14"
"1105200956","2025-10-02 01:40:34","7216306849","LPTUSDT","LIMIT","BUY","LONG","6.30000000",,"200.00000000","0E-8","0E-8","0E-8","NEW","ios_coin_90Dl2T0SoHI7IbZMHy2e","GTC","0E-8","0E-8","Contract Price","false","2025-10-02 01:40:34"
"1105200956","2025-10-02 01:40:44","7216307060","LPTUSDT","LIMIT","BUY","LONG","6.00800000",,"200.00000000","0E-8","0E-8","0E-8","NEW","ios_coin_mG91dnzegSyRzWGK6Nxs","GTC","0E-8","0E-8","Contract Price","false","2025-10-02 01:40:44"
"1105200956","2025-10-02 01:41:02","28050657235","BTCUSDC","LIMIT","SELL","SHORT","118710.00000000","118710.00000000","0.10000000","0.10000000","11871.00000000","0E-8","FILLED","ios_coin_tlw4FoSiUjiSaW1FP5D3","GTC","0E-8","0E-8","Contract Price","false","2025-10-02 01:41:03"
"1105200956","2025-10-02 01:42:13","28050790435","BTCUSDC","LIMIT","BUY","SHORT","116888.00000000",,"0.30000000","0E-8","0E-8","0E-8","NEW","ios_coin_ajRvnq5kVY2ksRaoK4SU","GTC","0E-8","0E-8","Contract Price","false","2025-10-02 01:42:13"
"1105200956","2025-10-02 01:43:25","20889692208","WIFUSDT","LIMIT","BUY","LONG","0.77270000",,"2000.00000000","0E-8","0E-8","0E-8","CANCELED","ios_coin_qYAVfmZI0zSV0crJNGCr","GTC","0E-8","0E-8","Contract Price","false","2025-10-02 01:52:11"
"1105200956","2025-10-02 02:02:06","4022279339","WLDUSDC","LIMIT","BUY","LONG","1.34050000","1.34050000","1000.00000000","1000.00000000","1340.50000000","0E-8","FILLED","ios_coin_a56LQlw9pA81OrNG9yYN","GTC","0E-8","0E-8","Contract Price","false","2025-10-02 02:02:07"
"1105200956","2025-10-02 02:04:11","1560419662","ENAUSDC","LIMIT","BUY","LONG","0.58680000","0.58680000","1000.00000000","1000.00000000","586.80000000","0E-8","FILLED","ios_coin_fbimRXzKlPNkFYW9id0m","GTC","0E-8","0E-8","Contract Price","false","2025-10-02 02:04:45"
"1105200956","2025-10-02 02:04:46","1560420898","ENAUSDC","LIMIT","BUY","LONG","0.58000000",,"1000.00000000","0E-8","0E-8","0E-8","CANCELED","ios_coin_TeGzqEwI49zsxpMZ8bD9","GTC","0E-8","0E-8","Contract Price","false","2025-10-03 03:29:28"
"1105200956","2025-10-02 04:35:38","2888172994","BBUSDT","LIMIT","BUY","LONG","0.18400000",,"5000.00000000","0E-8","0E-8","0E-8","CANCELED","ios_coin_uWSTWyJ98Fcn4lvcZnwG","GTC","0E-8","0E-8","Contract Price","false","2025-10-02 09:28:37"
"1105200956","2025-10-02 06:03:34","4022890626","WLDUSDC","LIMIT","BUY","LONG","1.33390000","1.33390000","1000.00000000","1000.00000000","1333.90000000","0E-8","FILLED","ios_coin_EPLoVGD3ACdH5teRKlJW","GTC","0E-8","0E-8","Contract Price","false","2025-10-02 06:04:27"
"1105200956","2025-10-02 06:44:45","4708163147","VIRTUALUSDT","LIMIT","BUY","LONG","1.11460000","1.11460000","1000.00000000","1000.00000000","1114.60000000","0E-8","FILLED","ios_coin_v7PsFUN48OMioTOsjceR","GTC","0E-8","0E-8","Contract Price","false","2025-10-02 06:51:49"
"1105200956","2025-10-02 06:45:11","3961156474","AIXBTUSDT","LIMIT","BUY","LONG","0.09863000","0.09863000","10000.00000000","10000.00000000","986.30000000","0E-8","FILLED","ios_coin_i0Bfn2x1qutloiGz6HiD","GTC","0E-8","0E-8","Contract Price","false","2025-10-02 07:30:39"
"1105200956","2025-10-02 06:45:52","1649968799","ETHFIUSDC","LIMIT","SELL","LONG","1.53180000","1.53180000","1000.00000000","1000.00000000","1531.80000000","0E-8","FILLED","ios_coin_Lnmv5iqE4LqAWUl1VCnc","GTC","0E-8","0E-8","Contract Price","false","2025-10-02 06:45:54"
"1105200956","2025-10-02 09:19:27","4709234739","VIRTUALUSDT","LIMIT","SELL","LONG","1.12010000","1.12010000","1000.00000000","1000.00000000","1120.10000000","0E-8","FILLED","ios_coin_N0OsDUj394w0ioAghZwS","GTC","0E-8","0E-8","Contract Price","false","2025-10-02 09:20:06"
"1105200956","2025-10-02 09:25:36","4709267503","VIRTUALUSDT","LIMIT","BUY","LONG","1.11600000",,"1000.00000000","0E-8","0E-8","0E-8","CANCELED","ios_coin_jduYcOUpyhRreBEPnv3P","GTC","0E-8","0E-8","Contract Price","false","2025-10-02 10:30:43"
"1105200956","2025-10-02 09:25:41","4709267726","VIRTUALUSDT","LIMIT","BUY","LONG","1.11800000",,"1000.00000000","0E-8","0E-8","0E-8","CANCELED","ios_coin_JQyADKG6T7tUa4J474wV","GTC","0E-8","0E-8","Contract Price","false","2025-10-02 10:30:36"
"1105200956","2025-10-02 09:28:43","2889466042","BBUSDT","LIMIT","BUY","LONG","0.18500000",,"5000.00000000","0E-8","0E-8","0E-8","NEW","ios_coin_HN9WIsivRZYyDzHBRlui","GTC","0E-8","0E-8","Contract Price","false","2025-10-02 09:28:43"
"1105200956","2025-10-02 09:30:47","1650288317","ETHFIUSDC","LIMIT","SELL","LONG","1.51900000","1.51900000","1000.00000000","1000.00000000","1519.00000000","0E-8","FILLED","ios_coin_r9wFaq3PxAH2qLXnN3lg","GTC","0E-8","0E-8","Contract Price","false","2025-10-02 09:32:03"
"1105200956","2025-10-02 10:30:55","4709647066","VIRTUALUSDT","LIMIT","BUY","LONG","1.10500000","1.10500000","1000.00000000","1000.00000000","1105.00000000","0E-8","FILLED","ios_coin_zLti6OzYbjIsxBAumSsj","GTC","0E-8","0E-8","Contract Price","false","2025-10-02 14:42:49"
"1105200956","2025-10-02 10:43:31","932176818","XPLUSDT","LIMIT","SELL","LONG","0.97990000","0.98031560","500.00000000","500.00000000","490.15780000","0E-8","FILLED","ios_coin_bfvPMwJzOJt3aR1Dl2hj","GTC","0E-8","0E-8","Contract Price","false","2025-10-02 10:43:31"
"1105200956","2025-10-02 14:49:41","4712157846","VIRTUALUSDT","LIMIT","SELL","LONG","1.11000000",,"1000.00000000","0E-8","0E-8","0E-8","CANCELED","ios_coin_sA39s9POPz2qJiwuIIHT","GTC","0E-8","0E-8","Contract Price","false","2025-10-02 14:54:19"
"1105200956","2025-10-02 16:57:30","4713567494","VIRTUALUSDT","LIMIT","SELL","LONG","1.12470000","1.12470000","1000.00000000","1000.00000000","1124.70000000","0E-8","FILLED","ios_coin_KfV1KiIcwrg9qEmbkwZT","GTC","0E-8","0E-8","Contract Price","false","2025-10-02 16:58:11"
"1105200956","2025-10-02 16:59:28","4713579373","VIRTUALUSDT","LIMIT","BUY","LONG","1.09600000",,"1000.00000000","0E-8","0E-8","0E-8","CANCELED","ios_coin_X7NHMtO3cY0H5Es9PKAh","GTC","0E-8","0E-8","Contract Price","false","2025-10-03 14:20:02"
"1105200956","2025-10-03 00:19:51","28182338016","BTCUSDC","LIMIT","SELL","SHORT","120260.00000000","120260.00000000","0.10000000","0.10000000","12026.00000000","0E-8","FILLED","ios_coin_sPk0hRDVXgQjLFzZnuB0","GTC","0E-8","0E-8","Contract Price","false","2025-10-03 00:20:27"
"1105200956","2025-10-03 01:41:40","611208208","STBLUSDT","LIMIT","BUY","LONG","0.27130000","0.27104120","200.00000000","200.00000000","54.20824000","0E-8","FILLED","ios_coin_dtcqgSotpJ6RE5CwwV9x","GTC","0E-8","0E-8","Contract Price","false","2025-10-03 01:41:40"
"1105200956","2025-10-03 01:41:56","611215286","STBLUSDT","LIMIT","BUY","LONG","0.27000000",,"1800.00000000","0E-8","0E-8","0E-8","CANCELED","ios_coin_tP7yh8gjGvXlmHZqG2k4","GTC","0E-8","0E-8","Contract Price","false","2025-10-03 01:42:16"
"1105200956","2025-10-03 01:42:13","611223283","STBLUSDT","LIMIT","BUY","LONG","0.27050000","0.27050000","1800.00000000","1800.00000000","486.90000000","0E-8","FILLED","ios_coin_gxXwupMgHwqtzODTHNWY","GTC","0E-8","0E-8","Contract Price","false","2025-10-03 01:42:19"
"1105200956","2025-10-03 03:10:51","612956793","STBLUSDT","LIMIT","BUY","LONG","0.26468000","0.26468000","2000.00000000","2000.00000000","529.36000000","0E-8","FILLED","ios_coin_2x2e03wS1DDZfvRiPSVV","GTC","0E-8","0E-8","Contract Price","false","2025-10-03 03:11:01"
"1105200956","2025-10-03 03:29:16","1563845790","ENAUSDC","LIMIT","SELL","LONG","0.66880000",,"5500.00000000","0E-8","0E-8","0E-8","CANCELED","ios_coin_mJVxX5B5iJrScMOJw8qL","GTC","0E-8","0E-8","Contract Price","false","2025-10-03 03:29:27"
"1105200956","2025-10-03 03:29:32","1563845950","ENAUSDC","LIMIT","SELL","LONG","0.66880000",,"2750.00000000","0E-8","0E-8","0E-8","NEW","ios_coin_Nu4niZwMY9PYUFJ0NfjG","GTC","0E-8","0E-8","Contract Price","false","2025-10-03 03:29:32"
"1105200956","2025-10-03 03:29:51","1563846584","ENAUSDC","LIMIT","SELL","LONG","0.67200000",,"2750.00000000","0E-8","0E-8","0E-8","NEW","ios_coin_NaBEjr2m3DIVLrzsJuAu","GTC","0E-8","0E-8","Contract Price","false","2025-10-03 03:29:51"
"1105200956","2025-10-03 03:29:57","1563846745","ENAUSDC","LIMIT","SELL","LONG","0.68000000",,"2750.00000000","0E-8","0E-8","0E-8","NEW","ios_coin_pBWbdOHtUjedtS6O3wdu","GTC","0E-8","0E-8","Contract Price","false","2025-10-03 03:29:57"
"1105200956","2025-10-03 03:30:02","1563846895","ENAUSDC","LIMIT","SELL","LONG","0.77000000",,"2750.00000000","0E-8","0E-8","0E-8","NEW","ios_coin_KJt6zMLOnHOmQ4VwF03m","GTC","0E-8","0E-8","Contract Price","false","2025-10-03 03:30:02"
"1105200956","2025-10-03 03:37:01","13548262588","HBARUSDT","LIMIT","BUY","LONG","0.22539000","0.22539000","5000.00000000","5000.00000000","1126.95000000","0E-8","FILLED","ios_coin_uogwSnQggaGNdqInaZxW","GTC","0E-8","0E-8","Contract Price","false","2025-10-03 03:37:04"
"1105200956","2025-10-03 03:38:56","13548279977","HBARUSDT","LIMIT","SELL","LONG","0.23800000",,"5000.00000000","0E-8","0E-8","0E-8","NEW","ios_coin_IVqY2fsnNGtkZQGOLaqN","GTC","0E-8","0E-8","Contract Price","false","2025-10-03 03:38:56"
"1105200956","2025-10-03 05:43:15","615488802","STBLUSDT","LIMIT","SELL","LONG","0.27880000","0.27880000","4000.00000000","4000.00000000","1115.20000000","0E-8","FILLED","ios_coin_bki0FqVKj7JTXdXmi1tn","GTC","0E-8","0E-8","Contract Price","false","2025-10-03 05:43:21"
"1105200956","2025-10-03 08:24:45","28222390067","BTCUSDC","LIMIT","BUY","SHORT","117288.00000000",,"0.10000000","0E-8","0E-8","0E-8","NEW","ios_coin_YB5SnNtoz3pQ7pMyHK2x","GTC","0E-8","0E-8","Contract Price","false","2025-10-03 08:24:46"
"1105200956","2025-10-03 10:27:42","993154267","XPLUSDT","LIMIT","BUY","LONG","0.89520000","0.89450000","1000.00000000","1000.00000000","894.50000000","0E-8","FILLED","ios_coin_UeP1oTUAHDJ1Djsno70y","GTC","0E-8","0E-8","Contract Price","false","2025-10-03 10:27:42"
"1105200956","2025-10-03 14:20:36","2897232092","BBUSDT","LIMIT","SELL","LONG","0.20068000","0.20068000","5000.00000000","4985.00000000","1000.38980000","0E-8","EXPIRED","ios_coin_avaOQKqEGGPgZBDcqi5Y","GTC","0E-8","0E-8","Contract Price","false","2025-10-03 14:20:52"
"1105200956","2025-10-03 14:20:52","2897233304","BBUSDT","LIMIT","SELL","LONG","0.20056000","0.20056000","15.00000000","15.00000000","3.00840000","0E-8","FILLED","ios_coin_jP1vFq4wYVbPHSZ7Wai0","GTC","0E-8","0E-8","Contract Price","false","2025-10-03 14:21:01"
"1105200956","2025-10-03 14:58:35","2897519784","BBUSDT","LIMIT","BUY","LONG","0.19600000",,"5000.00000000","0E-8","0E-8","0E-8","CANCELED","ios_coin_WxOTd2eTGZ7bzXVGkvjm","GTC","0E-8","0E-8","Contract Price","false","2025-10-04 10:58:44"
"1105200956","2025-10-03 14:58:41","2897520149","BBUSDT","LIMIT","BUY","LONG","0.19800000",,"5000.00000000","0E-8","0E-8","0E-8","CANCELED","ios_coin_PCsdrcwdVg5qMcqF5TMF","GTC","0E-8","0E-8","Contract Price","false","2025-10-04 10:58:41"
"1105200956","2025-10-04 05:57:12","2901103153","BBUSDT","LIMIT","BUY","LONG","0.20000000",,"5000.00000000","0E-8","0E-8","0E-8","CANCELED","ios_coin_Gz1UsgnAwbKaqJBkEeQ6","GTC","0E-8","0E-8","Contract Price","false","2025-10-04 10:21:14"
"1105200956","2025-10-04 10:15:31","1037314091","XPLUSDT","LIMIT","SELL","LONG","1.10000000",,"750.00000000","0E-8","0E-8","0E-8","NEW","ios_coin_LHJpncPVMNnc60g95fJZ","GTC","0E-8","0E-8","Contract Price","false","2025-10-04 10:15:31"
"1105200956","2025-10-04 10:58:55","2901854427","BBUSDT","LIMIT","BUY","LONG","0.19000000",,"5000.00000000","0E-8","0E-8","0E-8","NEW","ios_coin_kR6PTCG9hD3CBDZJ6c9s","GTC","0E-8","0E-8","Contract Price","false","2025-10-04 10:58:55"
"1105200956","2025-10-05 05:16:37","3973580466","AIXBTUSDT","LIMIT","SELL","LONG","0.09960000","0.09960000","10000.00000000","10000.00000000","996.00000000","0E-8","FILLED","ios_coin_c813AIQReFT4h1l0dbyG","GTC","0E-8","0E-8","Contract Price","false","2025-10-05 05:17:54"
"1105200956","2025-10-05 05:35:50","7225260564","LPTUSDT","LIMIT","SELL","LONG","6.61800000","6.61800000","100.00000000","100.00000000","661.80000000","0E-8","FILLED","ios_coin_ztVerK1FozY5EDByZ5RO","GTC","0E-8","0E-8","Contract Price","false","2025-10-05 05:36:13"
"1105200956","2025-10-06 01:26:39","2908135470","BBUSDT","LIMIT","BUY","LONG","0.19770000","0.19770000","5000.00000000","5000.00000000","988.50000000","0E-8","FILLED","ios_coin_n7HSGuvauWXQ9SfovJlK","GTC","0E-8","0E-8","Contract Price","false","2025-10-06 01:26:40"
"1105200956","2025-10-06 02:05:40","28568138951","BTCUSDC","LIMIT","SELL","SHORT","124000.00000000","124000.00000000","0.10000000","0.10000000","12400.00000000","0E-8","FILLED","ios_coin_pzH4cgRMs8hjql8Fsyp5","GTC","0E-8","0E-8","Contract Price","false","2025-10-06 02:05:53"
"1105200956","2025-10-06 11:40:17","351622356","EPTUSDT","LIMIT","SELL","LONG","0.00650000","0.00650000","70312.00000000","70312.00000000","457.02800000","0E-8","FILLED","ios_coin_nXOOGeHqbp6R4fubevrn","GTC","0E-8","0E-8","Contract Price","false","2025-10-06 11:55:58"
"1105200956","2025-10-06 11:40:21","351622795","EPTUSDT","LIMIT","SELL","LONG","0.00670000","0.00670000","70312.00000000","70312.00000000","471.09040000","0E-8","FILLED","ios_coin_UyuTPxqmThl8XxkZHDx8","GTC","0E-8","0E-8","Contract Price","false","2025-10-06 12:18:59"
"1105200956","2025-10-06 11:40:30","351623784","EPTUSDT","LIMIT","SELL","LONG","0.00660000","0.00660000","70312.00000000","70312.00000000","464.05920000","0E-8","FILLED","ios_coin_lQEtXZqLCZbg6Yzq1Lad","GTC","0E-8","0E-8","Contract Price","false","2025-10-06 12:00:24"
"1105200956","2025-10-06 13:28:49","4037595510","WLDUSDC","LIMIT","BUY","LONG","1.27400000","1.27400000","1000.00000000","1000.00000000","1274.00000000","0E-8","FILLED","ios_coin_QCtLuzuY8BHVAUiHFCZu","GTC","0E-8","0E-8","Contract Price","false","2025-10-06 13:28:49"
"1105200956","2025-10-06 13:33:01","1131729248","XPLUSDT","LIMIT","BUY","LONG","0.89940000","0.89940000","500.00000000","500.00000000","449.70000000","0E-8","FILLED","ios_coin_6bPlBlnyZgRTwpuDw1GX","GTC","0E-8","0E-8","Contract Price","false","2025-10-06 13:33:04"
"1105200956","2025-10-06 13:40:25","1573206253","ENAUSDC","LIMIT","BUY","LONG","0.58700000","0.58700000","1000.00000000","1000.00000000","587.00000000","0E-8","FILLED","ios_coin_bNI5mRdkdERfASB0SwrW","GTC","0E-8","0E-8","Contract Price","false","2025-10-06 13:41:31"
"1105200956","2025-10-06 13:42:17","1573215017","ENAUSDC","LIMIT","BUY","LONG","0.58590000","0.58590000","1000.00000000","1000.00000000","585.90000000","0E-8","FILLED","ios_coin_gItlngbEEpjk9u37UcAE","GTC","0E-8","0E-8","Contract Price","false","2025-10-06 13:43:14"
"1105200956","2025-10-06 13:44:53","353594808","EPTUSDT","LIMIT","SELL","LONG","0.00720000","0.00720000","35157.00000000","35157.00000000","253.13040000","0E-8","FILLED","ios_coin_4YKs4aOMlI4iCtJY0YxM","GTC","0E-8","0E-8","Contract Price","false","2025-10-06 13:45:28"
"1105200956","2025-10-06 13:47:10","353629600","EPTUSDT","LIMIT","SELL","LONG","0.00715000","0.00715000","35157.00000000","35157.00000000","251.37255000","0E-8","FILLED","ios_coin_thlK3SF4hXoZBwpUlu7U","GTC","0E-8","0E-8","Contract Price","false","2025-10-06 13:48:32"
"1105200956","2025-10-06 20:33:11","1146573264","XPLUSDT","LIMIT","SELL","LONG","0.98070000","0.98070000","1000.00000000","1000.00000000","980.70000000","0E-8","FILLED","ios_coin_um0o416dcRofSL135GW4","GTC","0E-8","0E-8","Contract Price","false","2025-10-06 20:33:38"
"1105200956","2025-10-07 04:03:37","1170018413","XPLUSDT","LIMIT","SELL","LONG","1.04000000","1.04000000","1000.00000000","1000.00000000","1040.00000000","0E-8","FILLED","ios_coin_uqktS6xhoYpnlgQXw9Et","GTC","0E-8","0E-8","Contract Price","false","2025-10-07 04:04:28"
"1105200956","2025-10-07 04:44:40","2912324458","BBUSDT","LIMIT","BUY","LONG","0.19326000","0.19325959","5000.00000000","5000.00000000","966.29793000","0E-8","FILLED","ios_coin_JYvX5ANhDomLTEWNHIrU","GTC","0E-8","0E-8","Contract Price","false","2025-10-07 04:45:20"
"1105200956","2025-10-07 06:07:20","13621175134","HBARUSDT","LIMIT","SELL","LONG","0.22890000","0.22890000","5000.00000000","5000.00000000","1144.50000000","0E-8","FILLED","ios_coin_qGdnhAXOLRLbizCExKNV","GTC","0E-8","0E-8","Contract Price","false","2025-10-07 06:08:10"
"1105200956","2025-10-10 03:16:53","4349574108","YGGUSDT","LIMIT","SELL","LONG","0.17500000",,"15000.00000000","0E-8","0E-8","0E-8","CANCELED","ios_coin_CFjgZQ3WOfsVVsXnWRUF","GTC","0E-8","0E-8","Contract Price","false","2025-10-10 03:19:55"
"1105200956","2025-10-10 03:41:54","2926594368","BBUSDT","LIMIT","BUY","LONG","0.17431000",,"5000.00000000","0E-8","0E-8","0E-8","CANCELED","ios_coin_Kk86d7AtNo2GTfciJPwP","GTC","0E-8","0E-8","Contract Price","false","2025-10-10 03:45:00"
"1105200956","2025-10-10 03:45:42","2926605114","BBUSDT","LIMIT","BUY","LONG","0.16500000",,"5000.00000000","0E-8","0E-8","0E-8","CANCELED","ios_coin_oTbJD79VKGnc58HIqA6r","GTC","0E-8","0E-8","Contract Price","false","2025-10-10 10:37:28"
"1105200956","2025-10-10 03:45:47","2926605260","BBUSDT","LIMIT","BUY","LONG","0.16800000","0.16800000","5000.00000000","5000.00000000","840.00000000","0E-8","FILLED","ios_coin_1pGJjF89ssCfChWSVejw","GTC","0E-8","0E-8","Contract Price","false","2025-10-10 07:58:59"
"1105200956","2025-10-10 03:46:28","2926608128","BBUSDT","LIMIT","BUY","LONG","0.16680000","0.16680000","5000.00000000","5000.00000000","834.00000000","0E-8","FILLED","ios_coin_GjyXOtb4zFKZOVujcoBm","GTC","0E-8","0E-8","Contract Price","false","2025-10-10 09:08:53"
"1105200956","2025-10-10 03:46:32","2926608316","BBUSDT","LIMIT","BUY","LONG","0.16000000",,"5000.00000000","0E-8","0E-8","0E-8","CANCELED","ios_coin_sAcxSVl2UVKnVrWDNK2e","GTC","0E-8","0E-8","Contract Price","false","2025-10-10 15:24:48"
"1105200956","2025-10-10 03:54:01","30738831314","ETHUSDC","LIMIT","SELL","SHORT","4360.00000000","4360.56000000","1.00000000","1.00000000","4360.56000000","0E-8","FILLED","ios_coin_zRA7xb09BhUXxpntOF5M","GTC","0E-8","0E-8","Contract Price","false","2025-10-10 03:54:01"
"1105200956","2025-10-10 03:56:16","4349664393","YGGUSDT","LIMIT","SELL","LONG","0.17600000",,"7500.00000000","0E-8","0E-8","0E-8","CANCELED","ios_coin_XE5lLYtF5IlZ0oD1Nqst","GTC","0E-8","0E-8","Contract Price","false","2025-10-10 04:46:51"
"1105200956","2025-10-10 06:58:23","4350002145","YGGUSDT","LIMIT","SELL","LONG","0.17600000","0.17600000","15000.00000000","15000.00000000","2640.00000000","0E-8","FILLED","ios_coin_01N0rMBZM1mAazE0pvur","GTC","0E-8","0E-8","Contract Price","false","2025-10-10 09:12:04"
"1105200956","2025-10-10 10:13:44","2927837139","BBUSDT","LIMIT","BUY","LONG","0.16300000",,"5000.00000000","0E-8","0E-8","0E-8","CANCELED","ios_coin_hHIgPayTnXKGIzhSdcRt","GTC","0E-8","0E-8","Contract Price","false","2025-10-10 10:37:29"
"1105200956","2025-10-10 10:37:47","2927907120","BBUSDT","LIMIT","BUY","LONG","0.15000000","0.15000000","5000.00000000","5000.00000000","750.00000000","0E-8","FILLED","ios_coin_CDHequKZfs8XeyKXPZbK","GTC","0E-8","0E-8","Contract Price","false","2025-10-10 20:56:19"
"1105200956","2025-10-10 10:37:54","2927907605","BBUSDT","LIMIT","BUY","LONG","0.15500000","0.15500000","5000.00000000","5000.00000000","775.00000000","0E-8","FILLED","ios_coin_PeUFuSZegEZHjSCXDfgJ","GTC","0E-8","0E-8","Contract Price","false","2025-10-10 15:34:44"
"1105200956","2025-10-10 12:16:55","29031058652","BTCUSDC","LIMIT","BUY","SHORT","118088.00000000","118088.00000000","0.25000000","0.25000000","29522.00000000","0E-8","FILLED","ios_coin_Um3W5bly5YfkXg8CKbNw","GTC","0E-8","0E-8","Contract Price","false","2025-10-10 17:05:05"
"1105200956","2025-10-10 12:17:03","29031066522","BTCUSDC","LIMIT","BUY","SHORT","118188.00000000","118188.00000000","0.25000000","0.25000000","29547.00000000","0E-8","FILLED","ios_coin_sP3aUfNIxWelEjQLkjYF","GTC","0E-8","0E-8","Contract Price","false","2025-10-10 17:03:02"
"1105200956","2025-10-10 14:16:25","746345267","STBLUSDT","LIMIT","BUY","LONG","0.17662000","0.17662000","10000.00000000","10000.00000000","1766.20000000","0E-8","FILLED","ios_coin_YTROUq6te5StMGW3Pmu3","GTC","0E-8","0E-8","Contract Price","false","2025-10-10 14:17:00"
"1105200956","2025-10-10 15:18:08","4351026047","YGGUSDT","LIMIT","BUY","LONG","0.15600000",,"10000.00000000","0E-8","0E-8","0E-8","CANCELED","ios_coin_J6nujm8euc9M472MZxaO","GTC","0E-8","0E-8","Contract Price","false","2025-10-10 15:18:20"
"1105200956","2025-10-10 15:18:16","4351026610","YGGUSDT","LIMIT","BUY","LONG","0.15800000","0.15800000","5000.00000000","5000.00000000","790.00000000","0E-8","FILLED","ios_coin_EB8XOrlm0X7E4opabaJp","GTC","0E-8","0E-8","Contract Price","false","2025-10-10 20:56:25"
"1105200956","2025-10-10 15:18:29","4351027486","YGGUSDT","LIMIT","BUY","LONG","0.15600000","0.15600000","5000.00000000","5000.00000000","780.00000000","0E-8","FILLED","ios_coin_SeBbFFxcZHaHKYmdiOxk","GTC","0E-8","0E-8","Contract Price","false","2025-10-10 20:56:27"
"1105200956","2025-10-10 15:18:36","4351027837","YGGUSDT","LIMIT","BUY","LONG","0.16200000",,"5000.00000000","0E-8","0E-8","0E-8","CANCELED","ios_coin_zLJolK6EsODowdxjlFlr","GTC","0E-8","0E-8","Contract Price","false","2025-10-10 19:34:07"
"1105200956","2025-10-10 15:18:48","4351028280","YGGUSDT","LIMIT","BUY","LONG","0.16000000","0.16000000","5000.00000000","5000.00000000","800.00000000","0E-8","FILLED","ios_coin_gZ2ZgMPnUnL9gop9TQR4","GTC","0E-8","0E-8","Contract Price","false","2025-10-10 20:56:21"
"1105200956","2025-10-10 15:28:39","2929093935","BBUSDT","LIMIT","BUY","LONG","0.16000000","0.16000000","5000.00000000","5000.00000000","800.00000000","0E-8","FILLED","ios_coin_2cst82l1jrNMizQQktSp","GTC","0E-8","0E-8","Contract Price","false","2025-10-10 15:30:45"
"1105200956","2025-10-10 15:59:08","30826221417","ETHUSDC","LIMIT","BUY","SHORT","4048.00000000",,"1.00000000","0E-8","0E-8","0E-8","CANCELED","ios_coin_hqIdrM2M8LxDVbT2Tald","GTC","0E-8","0E-8","Contract Price","false","2025-10-10 15:59:28"
"1105200956","2025-10-10 19:34:23","4351688969","YGGUSDT","LIMIT","BUY","LONG","0.15000000","0.15000000","5000.00000000","5000.00000000","750.00000000","0E-8","FILLED","ios_coin_w2zkEAOARXvU327VeyMQ","GTC","0E-8","0E-8","Contract Price","false","2025-10-10 21:13:08"
"1105200956","2025-10-10 19:40:52","30855908829","ETHUSDC","LIMIT","BUY","SHORT","3970.00000000",,"1.00000000","0E-8","0E-8","0E-8","EXPIRED","ios_coin_R2RpMmJCgHDoFMmPZYxA","GTC","0E-8","0E-8","Contract Price","false","2025-10-10 20:00:29"
"1105200956","2025-10-10 19:46:56","4494410004","DOGEUSDC","LIMIT","BUY","LONG","0.23259000","0.23259000","10000.00000000","10000.00000000","2325.90000000","0E-8","FILLED","ios_coin_jYizn1XqJ4iAjzXZP9jA","GTC","0E-8","0E-8","Contract Price","false","2025-10-10 19:50:53"
"1105200956","2025-10-10 20:00:29","30858588320","ETHUSDC","LIMIT","BUY","SHORT","3998.00000000","3998.00000000","1.00000000","1.00000000","3998.00000000","0E-8","FILLED","ios_coin_v2u9MeJC8kWc4xfvMVd0","GTC","0E-8","0E-8","Contract Price","false","2025-10-10 20:01:05"
"1105200956","2025-10-10 20:02:32","750746424","STBLUSDT","LIMIT","SELL","LONG","0.19000000",,"10000.00000000","0E-8","0E-8","0E-8","CANCELED","ios_coin_6qd0A90S2mL7NxV9i3rh","GTC","0E-8","0E-8","Contract Price","false","2025-10-10 20:18:53"
"1105200956","2025-10-10 20:07:13","2979398030","WIFUSDC","LIMIT","BUY","LONG","0.66350000","0.66350000","1000.00000000","1000.00000000","663.50000000","0E-8","FILLED","ios_coin_d5Buirj9sYo3yj8Id5Hj","GTC","0E-8","0E-8","Contract Price","false","2025-10-10 20:07:13"
"1105200956","2025-10-10 20:07:44","2979400202","WIFUSDC","LIMIT","BUY","LONG","0.66190000","0.66190000","1000.00000000","1000.00000000","661.90000000","0E-8","FILLED","ios_coin_xhaUk74FAquaWXWWeOLS","GTC","0E-8","0E-8","Contract Price","false","2025-10-10 20:07:50"
"1105200956","2025-10-10 20:10:32","21074092073","WIFUSDT","LIMIT","BUY","LONG","0.66050000","0.66050000","1000.00000000","1000.00000000","660.50000000","0E-8","FILLED","ios_coin_eLG8mQPtgimyJNZcNSbT","GTC","0E-8","0E-8","Contract Price","false","2025-10-10 20:50:13"
"1105200956","2025-10-10 21:03:01","751593559","STBLUSDT","LIMIT","BUY","LONG","0.14130000","0.14130000","10000.00000000","10000.00000000","1413.00000000","0E-8","FILLED","ios_coin_7eCdfOmNUj2tZ6aH5cTn","GTC","0E-8","0E-8","Contract Price","false","2025-10-10 21:03:02"
"1105200956","2025-10-10 21:18:53","2476943397","1000BONKUSDC","LIMIT","SELL","LONG","0.00982600",,"150000.00000000","0E-8","0E-8","0E-8","EXPIRED","autoclose-1760131133664014220","IOC","0E-8","0E-8","Contract Price","false","2025-10-10 21:18:53"
"1105200956","2025-10-10 21:18:53","5704092560","1000PEPEUSDC","LIMIT","SELL","LONG","0.00445350",,"1500000.00000000","0E-8","0E-8","0E-8","EXPIRED","autoclose-1760131133664014220","IOC","0E-8","0E-8","Contract Price","false","2025-10-10 21:18:53"
"1105200956","2025-10-10 21:18:53","2931171427","BBUSDT","LIMIT","SELL","LONG","0.08740000",,"40000.00000000","0E-8","0E-8","0E-8","EXPIRED","autoclose-1760131133664014220","IOC","0E-8","0E-8","Contract Price","false","2025-10-10 21:18:53"
"1105200956","2025-10-10 21:18:53","43883118822","CRVUSDT","LIMIT","SELL","LONG","0.27900000",,"5000.00000000","0E-8","0E-8","0E-8","EXPIRED","autoclose-1760131133664014220","IOC","0E-8","0E-8","Contract Price","false","2025-10-10 21:18:53"
"1105200956","2025-10-10 21:18:53","4495960703","DOGEUSDC","LIMIT","SELL","LONG","0.13299000",,"10000.00000000","0E-8","0E-8","0E-8","EXPIRED","autoclose-1760131133664014220","IOC","0E-8","0E-8","Contract Price","false","2025-10-10 21:18:53"
"1105200956","2025-10-10 21:18:53","1589978935","ENAUSDC","LIMIT","SELL","LONG","0.28200000",,"13000.00000000","0E-8","0E-8","0E-8","EXPIRED","autoclose-1760131133664014220","IOC","0E-8","0E-8","Contract Price","false","2025-10-10 21:18:53"
"1105200956","2025-10-10 21:18:53","100084604","SKYUSDT","LIMIT","SELL","LONG","0.04707000","0.04766560","200000.00000000","200000.00000000","9533.12045000","0E-8","FILLED","autoclose-1760131133664014220","IOC","0E-8","0E-8","Contract Price","false","2025-10-10 21:18:53"
"1105200956","2025-10-10 21:18:53","751886835","STBLUSDT","LIMIT","SELL","LONG","0.09042000",,"20000.00000000","0E-8","0E-8","0E-8","EXPIRED","autoclose-1760131133664014220","IOC","0E-8","0E-8","Contract Price","false","2025-10-10 21:18:53"
"1105200956","2025-10-10 21:18:53","2979909639","WIFUSDC","LIMIT","SELL","LONG","0.29340000",,"5000.00000000","0E-8","0E-8","0E-8","EXPIRED","autoclose-1760131133664014220","IOC","0E-8","0E-8","Contract Price","false","2025-10-10 21:18:53"
"1105200956","2025-10-10 21:18:53","21076168492","WIFUSDT","LIMIT","SELL","LONG","0.29680000",,"2000.00000000","0E-8","0E-8","0E-8","EXPIRED","autoclose-1760131133664014220","IOC","0E-8","0E-8","Contract Price","false","2025-10-10 21:18:53"
"1105200956","2025-10-10 21:18:53","4060164885","WLDUSDC","LIMIT","SELL","LONG","0.48980000",,"3000.00000000","0E-8","0E-8","0E-8","EXPIRED","autoclose-1760131133664014220","IOC","0E-8","0E-8","Contract Price","false","2025-10-10 21:18:53"
"1105200956","2025-10-10 21:18:53","4352090504","YGGUSDT","LIMIT","SELL","LONG","0.10070000",,"20000.00000000","0E-8","0E-8","0E-8","EXPIRED","autoclose-1760131133664014220","IOC","0E-8","0E-8","Contract Price","false","2025-10-10 21:18:53"
"1105200956","2025-10-10 21:19:53","2476950169","1000BONKUSDC","LIMIT","SELL","LONG","0.00902100",,"150000.00000000","0E-8","0E-8","0E-8","EXPIRED","autoclose-1760131193873014220","IOC","0E-8","0E-8","Contract Price","false","2025-10-10 21:19:53"
"1105200956","2025-10-10 21:19:53","2476950170","1000BONKUSDC","LIMIT","SELL","LONG","0.00902100","0.00902100","150000.00000000","150000.00000000","1353.15000000","0E-8","FILLED","autoclose-1760131193882","IOC","0E-8","0E-8","Contract Price","false","2025-10-10 21:19:53"
"1105200956","2025-10-10 21:19:53","5704107097","1000PEPEUSDC","LIMIT","SELL","LONG","0.00437270","0.00437270","1500000.00000000","1500000.00000000","6559.05000000","0E-8","FILLED","autoclose-1760131193882","IOC","0E-8","0E-8","Contract Price","false","2025-10-10 21:19:53"
"1105200956","2025-10-10 21:19:53","5704107095","1000PEPEUSDC","LIMIT","SELL","LONG","0.00437270",,"1500000.00000000","0E-8","0E-8","0E-8","EXPIRED","autoclose-1760131193873014220","IOC","0E-8","0E-8","Contract Price","false","2025-10-10 21:19:53"
"1105200956","2025-10-10 21:19:53","2931185133","BBUSDT","LIMIT","SELL","LONG","0.09118000","0.09118000","40000.00000000","40000.00000000","3647.20000000","0E-8","FILLED","autoclose-1760131193882","IOC","0E-8","0E-8","Contract Price","false","2025-10-10 21:19:53"
"1105200956","2025-10-10 21:19:53","2931185130","BBUSDT","LIMIT","SELL","LONG","0.09118000",,"40000.00000000","0E-8","0E-8","0E-8","EXPIRED","autoclose-1760131193873014220","IOC","0E-8","0E-8","Contract Price","false","2025-10-10 21:19:53"
"1105200956","2025-10-10 21:19:53","43883133131","CRVUSDT","LIMIT","SELL","LONG","0.30700000","0.30700000","5000.00000000","5000.00000000","1535.00000000","0E-8","FILLED","autoclose-1760131193882","IOC","0E-8","0E-8","Contract Price","false","2025-10-10 21:19:53"
"1105200956","2025-10-10 21:19:53","43883133130","CRVUSDT","LIMIT","SELL","LONG","0.30700000",,"5000.00000000","0E-8","0E-8","0E-8","EXPIRED","autoclose-1760131193873014220","IOC","0E-8","0E-8","Contract Price","false","2025-10-10 21:19:53"
"1105200956","2025-10-10 21:19:53","4495979415","DOGEUSDC","LIMIT","SELL","LONG","0.12807000",,"10000.00000000","0E-8","0E-8","0E-8","EXPIRED","autoclose-1760131193873014220","IOC","0E-8","0E-8","Contract Price","false","2025-10-10 21:19:53"
"1105200956","2025-10-10 21:19:53","4495979416","DOGEUSDC","LIMIT","SELL","LONG","0.12807000","0.12807000","10000.00000000","10000.00000000","1280.70000000","0E-8","FILLED","autoclose-1760131193882","IOC","0E-8","0E-8","Contract Price","false","2025-10-10 21:19:53"
"1105200956","2025-10-10 21:19:53","1589994439","ENAUSDC","LIMIT","SELL","LONG","0.20560000",,"13000.00000000","0E-8","0E-8","0E-8","EXPIRED","autoclose-1760131193873014220","IOC","0E-8","0E-8","Contract Price","false","2025-10-10 21:19:53"
"1105200956","2025-10-10 21:19:53","1589994440","ENAUSDC","LIMIT","SELL","LONG","0.20560000","0.20560000","13000.00000000","13000.00000000","2672.80000000","0E-8","FILLED","autoclose-1760131193882","IOC","0E-8","0E-8","Contract Price","false","2025-10-10 21:19:53"
"1105200956","2025-10-10 21:19:53","751900061","STBLUSDT","LIMIT","SELL","LONG","0.12210000","0.12210000","20000.00000000","20000.00000000","2442.00000000","0E-8","FILLED","autoclose-1760131193882","IOC","0E-8","0E-8","Contract Price","false","2025-10-10 21:19:53"
"1105200956","2025-10-10 21:19:53","751900060","STBLUSDT","LIMIT","SELL","LONG","0.12210000",,"20000.00000000","0E-8","0E-8","0E-8","EXPIRED","autoclose-1760131193873014220","IOC","0E-8","0E-8","Contract Price","false","2025-10-10 21:19:53"
"1105200956","2025-10-10 21:19:53","2979918928","WIFUSDC","LIMIT","SELL","LONG","0.31200000",,"5000.00000000","0E-8","0E-8","0E-8","EXPIRED","autoclose-1760131193873014220","IOC","0E-8","0E-8","Contract Price","false","2025-10-10 21:19:53"
"1105200956","2025-10-10 21:19:53","2979918929","WIFUSDC","LIMIT","SELL","LONG","0.31200000","0.31200000","5000.00000000","5000.00000000","1560.00000000","0E-8","FILLED","autoclose-1760131193882","IOC","0E-8","0E-8","Contract Price","false","2025-10-10 21:19:53"
"1105200956","2025-10-10 21:19:53","21076234660","WIFUSDT","LIMIT","SELL","LONG","0.27560000",,"2000.00000000","0E-8","0E-8","0E-8","EXPIRED","autoclose-1760131193873014220","IOC","0E-8","0E-8","Contract Price","false","2025-10-10 21:19:53"
"1105200956","2025-10-10 21:19:53","21076234662","WIFUSDT","LIMIT","SELL","LONG","0.27560000","0.27560000","2000.00000000","2000.00000000","551.20000000","0E-8","FILLED","autoclose-1760131193882","IOC","0E-8","0E-8","Contract Price","false","2025-10-10 21:19:53"
"1105200956","2025-10-10 21:19:53","4060173038","WLDUSDC","LIMIT","SELL","LONG","0.35900000",,"3000.00000000","0E-8","0E-8","0E-8","EXPIRED","autoclose-1760131193873014220","IOC","0E-8","0E-8","Contract Price","false","2025-10-10 21:19:53"
"1105200956","2025-10-10 21:19:53","4060173039","WLDUSDC","LIMIT","SELL","LONG","0.35900000","0.35900000","3000.00000000","3000.00000000","1077.00000000","0E-8","FILLED","autoclose-1760131193882","IOC","0E-8","0E-8","Contract Price","false","2025-10-10 21:19:53"
"1105200956","2025-10-10 21:19:53","4352096938","YGGUSDT","LIMIT","SELL","LONG","0.13920000",,"20000.00000000","0E-8","0E-8","0E-8","EXPIRED","autoclose-1760131193873014220","IOC","0E-8","0E-8","Contract Price","false","2025-10-10 21:19:53"
"1105200956","2025-10-10 21:19:53","4352096940","YGGUSDT","LIMIT","SELL","LONG","0.13920000","0.13920000","20000.00000000","20000.00000000","2784.00000000","0E-8","FILLED","autoclose-1760131193882","IOC","0E-8","0E-8","Contract Price","false","2025-10-10 21:19:53"
"1105200956","2025-10-10 23:15:03","753179010","STBLUSDT","LIMIT","BUY","LONG","0.11591000","0.11583357","20000.00000000","20000.00000000","2316.67136000","0E-8","FILLED","ios_coin_L5tGuOtDIru5wik7f8Yn","GTC","0E-8","0E-8","Contract Price","false","2025-10-10 23:15:03"
"1105200956","2025-10-10 23:19:01","4352646951","YGGUSDT","LIMIT","BUY","LONG","0.11190000",,"20000.00000000","0E-8","0E-8","0E-8","CANCELED","ios_coin_xF8yABJzNaLEljLMD8pi","GTC","0E-8","0E-8","Contract Price","false","2025-10-10 23:20:49"
"1105200956","2025-10-10 23:20:47","4352652008","YGGUSDT","LIMIT","BUY","LONG","0.11370000",,"20000.00000000","0E-8","0E-8","0E-8","CANCELED","ios_coin_YkdzkfdDmbS8wHgL3Od7","GTC","0E-8","0E-8","Contract Price","false","2025-10-10 23:22:16"
"1105200956","2025-10-10 23:42:42","753594498","STBLUSDT","LIMIT","BUY","LONG","0.12122000","0.12122000","20000.00000000","20000.00000000","2424.40000000","0E-8","FILLED","ios_coin_Z8KDJr7JHmztf4tVIxql","GTC","0E-8","0E-8","Contract Price","false","2025-10-10 23:42:53"
"1105200956","2025-10-10 23:48:39","4060884128","WLDUSDC","LIMIT","BUY","LONG","0.35900000",,"3000.00000000","0E-8","0E-8","0E-8","NEW","ios_coin_VJ6RkgtILciMX4ZvL3Vy","GTC","0E-8","0E-8","Contract Price","false","2025-10-10 23:48:39"
"1105200956","2025-10-10 23:49:06","2980790158","WIFUSDC","LIMIT","BUY","LONG","0.30160000",,"7000.00000000","0E-8","0E-8","0E-8","NEW","ios_coin_n7GecjfNcAbzsNFA6bSy","GTC","0E-8","0E-8","Contract Price","false","2025-10-10 23:49:06"
"1105200956","2025-10-10 23:49:28","1591089080","ENAUSDC","LIMIT","BUY","LONG","0.20560000",,"13000.00000000","0E-8","0E-8","0E-8","NEW","ios_coin_MmX47PSP0yixQ7SAs5E6","GTC","0E-8","0E-8","Contract Price","false","2025-10-10 23:49:28"
"1105200956","2025-10-10 23:49:46","4498464541","DOGEUSDC","LIMIT","BUY","LONG","0.12800000",,"10000.00000000","0E-8","0E-8","0E-8","NEW","ios_coin_6VzgDvmeziEEY5UEDSzj","GTC","0E-8","0E-8","Contract Price","false","2025-10-10 23:49:46"
"1105200956","2025-10-10 23:50:06","43884952932","CRVUSDT","LIMIT","BUY","LONG","0.30700000",,"10000.00000000","0E-8","0E-8","0E-8","CANCELED","ios_coin_WLGhLXMwVnmb7OjrYYeU","GTC","0E-8","0E-8","Contract Price","false","2025-10-12 16:18:44"
"1105200956","2025-10-10 23:50:39","2932110152","BBUSDT","LIMIT","BUY","LONG","0.09118000",,"40000.00000000","0E-8","0E-8","0E-8","CANCELED","ios_coin_FFq2YwEuZj9ICPwI8651","GTC","0E-8","0E-8","Contract Price","false","2025-10-12 00:10:44"
"1105200956","2025-10-10 23:50:55","5705618217","1000PEPEUSDC","LIMIT","BUY","LONG","0.00400000",,"1500000.00000000","0E-8","0E-8","0E-8","NEW","ios_coin_l8DnNAJJick83zMmX9k8","GTC","0E-8","0E-8","Contract Price","false","2025-10-10 23:50:55"
"1105200956","2025-10-10 23:51:14","2477583259","1000BONKUSDC","LIMIT","BUY","LONG","0.00902100",,"150000.00000000","0E-8","0E-8","0E-8","NEW","ios_coin_rOBXhXR4W2wBz04J9myg","GTC","0E-8","0E-8","Contract Price","false","2025-10-10 23:51:14"
"1105200956","2025-10-10 23:51:35","100729251","SKYUSDT","LIMIT","BUY","LONG","0.04760000",,"200000.00000000","0E-8","0E-8","0E-8","CANCELED","ios_coin_lO6YbFfSO9FcoUaWwtAV","GTC","0E-8","0E-8","Contract Price","false","2025-10-11 04:13:31"
"1105200956","2025-10-11 00:31:09","754221395","STBLUSDT","LIMIT","BUY","LONG","0.11350000","0.11350000","20000.00000000","20000.00000000","2270.00000000","0E-8","FILLED","ios_coin_VvHvTzViHduPYuhIy3p6","GTC","0E-8","0E-8","Contract Price","false","2025-10-11 00:31:11"
"1105200956","2025-10-11 00:50:24","154790332057","SOLUSDT","LIMIT","BUY","LONG","189.99000000","189.98999523","167.63000000","167.63000000","31848.02290000","0E-8","FILLED","ios_coin_z27Dxpjr6k5dhc0H9GDC","GTC","0E-8","0E-8","Contract Price","false","2025-10-11 00:50:24"
"1105200956","2025-10-11 01:02:01","754489989","STBLUSDT","LIMIT","SELL","LONG","0.14000000",,"60000.00000000","0E-8","0E-8","0E-8","CANCELED","ios_coin_tJspMgb8kHbkzVZcJuPG","GTC","0E-8","0E-8","Contract Price","false","2025-10-11 04:58:11"
"1105200956","2025-10-11 01:02:39","154793474694","SOLUSDT","LIMIT","SELL","LONG","197.00000000",,"167.63000000","0E-8","0E-8","0E-8","CANCELED","ios_coin_UZG9ZjdLtORW1mBXYWl2","GTC","0E-8","0E-8","Contract Price","false","2025-10-11 02:44:53"
"1105200956","2025-10-11 02:18:56","250732183","UNIUSDC","LIMIT","BUY","LONG","5.80000000","5.80000000","1100.00000000","1100.00000000","6380.00000000","0E-8","FILLED","ios_coin_g2zTo1TEVTbR9rtrQflf","GTC","0E-8","0E-8","Contract Price","false","2025-10-11 02:19:50"
"1105200956","2025-10-11 02:56:01","101286578","SKYUSDT","LIMIT","SELL","SHORT","0.05993000","0.05993000","100000.00000000","100000.00000000","5993.00000000","0E-8","FILLED","ios_coin_0b7PW1DLF8swP4jcLTXL","GTC","0E-8","0E-8","Contract Price","false","2025-10-11 02:56:01"
"1105200956","2025-10-11 04:05:04","101553131","SKYUSDT","LIMIT","BUY","SHORT","0.05856000","0.05856000","100000.00000000","42487.00000000","2488.03872000","0E-8","CANCELED","ios_coin_glfNkF481afEhdQNEaMk","GTC","0E-8","0E-8","Contract Price","false","2025-10-11 04:13:30"
"1105200956","2025-10-11 04:07:19","154855712478","SOLUSDT","LIMIT","BUY","LONG","184.40000000","184.40000000","32.69000000","32.69000000","6028.03600000","0E-8","FILLED","ios_coin_KLH2ubuWQoRLI1Y1vuGf","GTC","0E-8","0E-8","Contract Price","false","2025-10-11 04:07:39"
"1105200956","2025-10-11 04:08:10","154856060580","SOLUSDT","LIMIT","SELL","LONG","189.50000000",,"100.16000000","0E-8","0E-8","0E-8","CANCELED","ios_coin_BJ5EoqEPmV7gNaunsYWa","GTC","0E-8","0E-8","Contract Price","false","2025-10-11 04:13:03"
"1105200956","2025-10-11 04:08:15","154856102269","SOLUSDT","LIMIT","SELL","LONG","189.60000000",,"100.16000000","0E-8","0E-8","0E-8","CANCELED","ios_coin_0XUTGJQjdFfM5h8AEEyj","GTC","0E-8","0E-8","Contract Price","false","2025-10-11 04:13:01"
"1105200956","2025-10-11 04:15:33","101582149","SKYUSDT","LIMIT","BUY","SHORT","0.05870000","0.05870000","57513.00000000","57513.00000000","3376.01310000","0E-8","FILLED","ios_coin_WmIg8hxjlgrDYpcIBEux","GTC","0E-8","0E-8","Contract Price","false","2025-10-11 04:16:58"
"1105200956","2025-10-11 05:18:40","101771022","SKYUSDT","LIMIT","BUY","LONG","0.04760000",,"200000.00000000","0E-8","0E-8","0E-8","NEW","ios_coin_oMQdft399jpJgI2HJRgm","GTC","0E-8","0E-8","Contract Price","false","2025-10-11 05:18:40"
"1105200956","2025-10-11 06:44:51","757535416","STBLUSDT","LIMIT","SELL","LONG","0.13417000","0.13417000","30000.00000000","30000.00000000","4025.10000000","0E-8","FILLED","ios_coin_hk6w9Yag2dOWMZIXPBms","GTC","0E-8","0E-8","Contract Price","false","2025-10-11 06:46:32"
"1105200956","2025-10-11 06:54:29","757643003","STBLUSDT","LIMIT","SELL","LONG","0.13500000",,"30000.00000000","0E-8","0E-8","0E-8","EXPIRED","ios_coin_WYGQPEHmjYxGB8Pc6moo","GTC","0E-8","0E-8","Contract Price","false","2025-10-11 06:54:39"
"1105200956","2025-10-11 06:54:39","757645473","STBLUSDT","LIMIT","SELL","LONG","0.13200000",,"30000.00000000","0E-8","0E-8","0E-8","CANCELED","ios_coin_2ho87oWokRJMmKqRlxL4","GTC","0E-8","0E-8","Contract Price","false","2025-10-11 06:59:25"
"1105200956","2025-10-11 07:01:44","757751536","STBLUSDT","LIMIT","SELL","LONG","0.13400000",,"30000.00000000","0E-8","0E-8","0E-8","CANCELED","ios_coin_ghHGUeL6sxFGPrSW2zry","GTC","0E-8","0E-8","Contract Price","false","2025-10-11 07:03:00"
"1105200956","2025-10-11 07:14:16","757903165","STBLUSDT","LIMIT","SELL","LONG","0.14200000",,"30000.00000000","0E-8","0E-8","0E-8","CANCELED","ios_coin_TNZwcEabuL3SGmVPDk37","GTC","0E-8","0E-8","Contract Price","false","2025-10-11 08:02:56"
"1105200956","2025-10-11 07:20:58","1592425084","ENAUSDC","LIMIT","SELL","SHORT","0.42310000","0.42310000","13000.00000000","13000.00000000","5500.30000000","0E-8","FILLED","ios_coin_iGa5NGQ5gG9CTxgfuDcy","GTC","0E-8","0E-8","Contract Price","false","2025-10-11 07:21:50"
"1105200956","2025-10-11 08:03:02","758434244","STBLUSDT","LIMIT","SELL","LONG","0.14200000",,"15000.00000000","0E-8","0E-8","0E-8","EXPIRED","ios_coin_JyCPcAQC2fOEsg8xPmGH","GTC","0E-8","0E-8","Contract Price","false","2025-10-11 12:01:15"
"1105200956","2025-10-11 08:03:06","758435825","STBLUSDT","LIMIT","SELL","LONG","0.15000000",,"15000.00000000","0E-8","0E-8","0E-8","EXPIRED","ios_coin_mYX966TUipbPlT8Rim9I","GTC","0E-8","0E-8","Contract Price","false","2025-10-11 12:01:15"
"1105200956","2025-10-11 09:51:23","251776962","UNIUSDC","LIMIT","SELL","LONG","5.97800000","5.97800000","1100.00000000","1100.00000000","6575.80000000","0E-8","FILLED","ios_coin_qnExxFMaytYqgXsu2ftW","GTC","0E-8","0E-8","Contract Price","false","2025-10-11 09:51:24"
"1105200956","2025-10-11 09:53:11","4063688496","WLDUSDC","LIMIT","SELL","SHORT","0.96410000","0.96411033","3000.00000000","3000.00000000","2892.33100000","0E-8","FILLED","ios_coin_6TLpm12jDRUFKTMLKiw9","GTC","0E-8","0E-8","Contract Price","false","2025-10-11 09:53:11"
"1105200956","2025-10-11 09:55:10","2479976675","1000BONKUSDC","LIMIT","SELL","SHORT","0.01477700","0.01477700","150000.00000000","150000.00000000","2216.55000000","0E-8","FILLED","ios_coin_uXts8i01laNqxYqxpds2","GTC","0E-8","0E-8","Contract Price","false","2025-10-11 09:55:21"
"1105200956","2025-10-11 10:13:22","102684284","SKYUSDT","LIMIT","SELL","SHORT","0.05867000","0.05867000","100000.00000000","100000.00000000","5867.00000000","0E-8","FILLED","ios_coin_JBn4BvDRj67ZNRfgKzYm","GTC","0E-8","0E-8","Contract Price","false","2025-10-11 10:14:15"
"1105200956","2025-10-11 11:25:42","2480362038","1000BONKUSDC","LIMIT","BUY","SHORT","0.01462800","0.01462800","150000.00000000","150000.00000000","2194.20000000","0E-8","FILLED","ios_coin_98AWnClll9N9BLL5WdvH","GTC","0E-8","0E-8","Contract Price","false","2025-10-11 11:25:44"
"1105200956","2025-10-11 11:26:00","1593261511","ENAUSDC","LIMIT","BUY","SHORT","0.41950000","0.41950000","13000.00000000","13000.00000000","5453.50000000","0E-8","FILLED","ios_coin_OOCAGyHyAbXX55DNd7IN","GTC","0E-8","0E-8","Contract Price","false","2025-10-11 11:26:03"
"1105200956","2025-10-11 11:38:06","102848137","SKYUSDT","LIMIT","BUY","SHORT","0.05854000","0.05854000","100000.00000000","100000.00000000","5854.00000000","0E-8","FILLED","ios_coin_fcjNJbR7OHy8EHt8hld2","GTC","0E-8","0E-8","Contract Price","false","2025-10-11 11:38:38"
"1105200956","2025-10-11 11:38:27","4064224219","WLDUSDC","LIMIT","BUY","SHORT","0.96270000","0.96270000","3000.00000000","3000.00000000","2888.10000000","0E-8","FILLED","ios_coin_fGJY5dgtaeWPA0ZDydBP","GTC","0E-8","0E-8","Contract Price","false","2025-10-11 11:38:41"
"1105200956","2025-10-11 12:01:15","761652003","STBLUSDT","LIMIT","SELL","LONG","0.13100000",,"30000.00000000","0E-8","0E-8","0E-8","CANCELED","ios_coin_Qqv3l8kuwPYAoCK7hoRw","GTC","0E-8","0E-8","Contract Price","false","2025-10-11 14:06:03"
"1105200956","2025-10-11 12:54:11","7653720690","ONDOUSDT","LIMIT","BUY","LONG","0.31400000",,"20000.00000000","0E-8","0E-8","0E-8","NEW","ios_coin_pWNam4zmofp10JIXHuG2","GTC","0E-8","0E-8","Contract Price","false","2025-10-11 12:54:11"
"1105200956","2025-10-11 14:50:38","762931892","STBLUSDT","LIMIT","SELL","LONG","0.15000000",,"30000.00000000","0E-8","0E-8","0E-8","EXPIRED","ios_coin_Aa63NZ8UW8lEcjZTMoSo","GTC","0E-8","0E-8","Contract Price","false","2025-10-12 08:53:16"
